/*
 Navicat MySQL Data Transfer

 Source Server         : localhost
 Source Server Version : 50621
 Source Host           : localhost
 Source Database       : jcbase_wx

 Target Server Version : 50621
 File Encoding         : utf-8

 Date: 10/15/2016 16:43:47 PM
*/

SET NAMES utf8;
SET FOREIGN_KEY_CHECKS = 0;

-- ----------------------------
--  Table structure for `access_token`
-- ----------------------------
DROP TABLE IF EXISTS `access_token`;
CREATE TABLE `access_token` (
  `uid` int(10) NOT NULL,
  `token` varchar(64) NOT NULL COMMENT 'app用户登陆凭证',
  `create_time` datetime NOT NULL,
  `update_time` datetime NOT NULL,
  `im_token` varchar(64) DEFAULT NULL COMMENT '第三方IM登陆凭证',
  PRIMARY KEY (`uid`),
  UNIQUE KEY `token_index` (`token`)
) ENGINE=InnoDB DEFAULT CHARSET=utf8 ROW_FORMAT=COMPACT;

-- ----------------------------
--  Table structure for `activity`
-- ----------------------------
DROP TABLE IF EXISTS `activity`;
CREATE TABLE `activity` (
  `id` int(10) NOT NULL AUTO_INCREMENT,
  `name` varchar(32) NOT NULL,
  `keyword` varchar(32) DEFAULT NULL COMMENT '回复的关键字',
  `start_time` datetime NOT NULL,
  `end_time` datetime NOT NULL,
  `create_time` datetime NOT NULL,
  `type` tinyint(4) NOT NULL DEFAULT '1' COMMENT '类型，1-大转盘',
  `allow_play_count` int(11) NOT NULL DEFAULT '1' COMMENT '允许每人玩的默认总次数',
  `exchage_pwd` varchar(10) NOT NULL DEFAULT '123457' COMMENT '商家兑奖密码',
  `probability` double(10,4) NOT NULL DEFAULT '0.0100' COMMENT '中奖概率',
  `app_id` int(10) NOT NULL,
  `activity_desc` varchar(500) NOT NULL COMMENT '活动说明',
  `reward_desc` varchar(500) NOT NULL COMMENT '兑奖说明',
  `status` tinyint(4) NOT NULL DEFAULT '1' COMMENT '1-正常  0-删除（停止）',
  `title` varchar(64) DEFAULT NULL COMMENT '图文标题',
  `pic_url` varchar(200) DEFAULT NULL,
  `summary` varchar(120) DEFAULT NULL COMMENT '图文简介',
  `bg_img_url` varchar(200) DEFAULT NULL COMMENT '活动背景图',
  PRIMARY KEY (`id`),
  KEY `app_id` (`app_id`),
  CONSTRAINT `activity_ibfk_1` FOREIGN KEY (`app_id`) REFERENCES `app` (`id`) ON DELETE NO ACTION ON UPDATE NO ACTION
) ENGINE=InnoDB AUTO_INCREMENT=2 DEFAULT CHARSET=utf8mb4 ROW_FORMAT=COMPACT;

-- ----------------------------
--  Records of `activity`
-- ----------------------------
BEGIN;
INSERT INTO `activity` VALUES ('1', '玩转转盘', '转盘', '2016-07-11 11:36:57', '2016-12-31 11:37:01', '2016-07-11 11:37:04', '1', '1', '123457', '1.0000', '1', '活动说明xxx', '优惠券使用说明', '1', '玩转转盘', 'activity/pic1.png', '点击查看', null);
COMMIT;

-- ----------------------------
--  Table structure for `activity_award`
-- ----------------------------
DROP TABLE IF EXISTS `activity_award`;
CREATE TABLE `activity_award` (
  `id` int(11) NOT NULL AUTO_INCREMENT,
  `name` varchar(64) NOT NULL COMMENT '奖品名称',
  `icon_url` varchar(200) DEFAULT NULL COMMENT '奖品图标地址',
  `seq` int(10) NOT NULL COMMENT '排序号',
  `bg_color` varchar(10) NOT NULL COMMENT '背景色值',
  `activity_id` int(10) NOT NULL COMMENT '所属活动',
  `coupon_id` int(10) NOT NULL COMMENT '关联的优惠券ID',
  `probability` double(10,2) NOT NULL DEFAULT '0.20' COMMENT '占总奖项中奖概率的百分比',
  `amount` int(10) NOT NULL DEFAULT '-1' COMMENT '总数量，-1为不限',
  `start_date` date DEFAULT NULL COMMENT '可使用的开始日期',
  `end_date` date DEFAULT NULL COMMENT '可使用的截止日期',
  PRIMARY KEY (`id`),
  KEY `activity_id` (`activity_id`),
  KEY `coupon_id` (`coupon_id`),
  CONSTRAINT `activity_award_ibfk_1` FOREIGN KEY (`coupon_id`) REFERENCES `coupon` (`id`) ON DELETE NO ACTION ON UPDATE NO ACTION,
  CONSTRAINT `fk_activity_id` FOREIGN KEY (`activity_id`) REFERENCES `activity` (`id`) ON DELETE NO ACTION ON UPDATE NO ACTION
) ENGINE=InnoDB AUTO_INCREMENT=7 DEFAULT CHARSET=utf8mb4 ROW_FORMAT=COMPACT COMMENT='活动奖品';

-- ----------------------------
--  Records of `activity_award`
-- ----------------------------
BEGIN;
INSERT INTO `activity_award` VALUES ('1', '10元普通洗车券', 'url', '1', '#e4f4fa', '1', '1', '0.62', '-1', '2016-07-11', '2016-12-31'), ('2', '50元打蜡优惠券', null, '2', '#c1e6f1', '1', '2', '0.30', '-1', '2016-07-11', '2016-12-31'), ('3', '100元抛光优惠券', null, '3', '#e4f4fa', '1', '3', '0.02', '-1', '2016-07-11', '2016-12-31'), ('4', '200元镀晶优惠券', null, '4', '#c1e6f1', '1', '4', '0.02', '-1', '2016-07-11', '2016-12-31'), ('5', '1000元极致镀晶优惠券', null, '5', '#e4f4fa', '1', '5', '0.02', '-1', '2016-07-11', '2016-12-31'), ('6', '30元精致洗车券', null, '6', '#c1e6f1', '1', '6', '0.02', '-1', '2016-07-11', '2016-12-31');
COMMIT;

-- ----------------------------
--  Table structure for `activity_share_record`
-- ----------------------------
DROP TABLE IF EXISTS `activity_share_record`;
CREATE TABLE `activity_share_record` (
  `id` int(10) NOT NULL AUTO_INCREMENT,
  `uid` int(10) NOT NULL COMMENT '分享者',
  `share_time` datetime NOT NULL COMMENT '分享时间',
  `activity_id` int(10) NOT NULL COMMENT '分享的活动',
  `type` tinyint(4) NOT NULL COMMENT '分享类型：1-朋友圈  2-发给朋友',
  PRIMARY KEY (`id`),
  KEY `uid` (`uid`),
  KEY `activity_id` (`activity_id`),
  CONSTRAINT `activity_share_record_ibfk_1` FOREIGN KEY (`uid`) REFERENCES `user` (`id`) ON DELETE NO ACTION ON UPDATE NO ACTION,
  CONSTRAINT `activity_share_record_ibfk_2` FOREIGN KEY (`activity_id`) REFERENCES `activity` (`id`) ON DELETE NO ACTION ON UPDATE NO ACTION
) ENGINE=InnoDB AUTO_INCREMENT=10 DEFAULT CHARSET=utf8mb4 ROW_FORMAT=COMPACT COMMENT='活动分享记录';

-- ----------------------------
--  Records of `activity_share_record`
-- ----------------------------
BEGIN;
INSERT INTO `activity_share_record` VALUES ('8', '54', '2016-10-03 08:16:44', '1', '2'), ('9', '54', '2016-10-03 09:09:30', '1', '1');
COMMIT;

-- ----------------------------
--  Table structure for `activity_user_play`
-- ----------------------------
DROP TABLE IF EXISTS `activity_user_play`;
CREATE TABLE `activity_user_play` (
  `id` int(10) NOT NULL AUTO_INCREMENT,
  `uid` int(10) NOT NULL,
  `activity_id` int(10) NOT NULL,
  `left_play_count` int(10) NOT NULL COMMENT '剩余可玩次数',
  `play_count` int(10) NOT NULL COMMENT '已玩次数',
  `join_time` datetime NOT NULL COMMENT '参与时间',
  PRIMARY KEY (`id`),
  KEY `uid` (`uid`),
  KEY `activity_id` (`activity_id`),
  CONSTRAINT `activity_user_play_ibfk_1` FOREIGN KEY (`uid`) REFERENCES `user` (`id`) ON DELETE NO ACTION ON UPDATE NO ACTION,
  CONSTRAINT `activity_user_play_ibfk_2` FOREIGN KEY (`activity_id`) REFERENCES `activity` (`id`) ON DELETE NO ACTION ON UPDATE NO ACTION
) ENGINE=InnoDB AUTO_INCREMENT=3 DEFAULT CHARSET=utf8mb4 ROW_FORMAT=COMPACT COMMENT='用户参与活动表';

-- ----------------------------
--  Records of `activity_user_play`
-- ----------------------------
BEGIN;
INSERT INTO `activity_user_play` VALUES ('2', '54', '1', '2', '4', '2016-10-02 11:52:55');
COMMIT;

-- ----------------------------
--  Table structure for `app`
-- ----------------------------
DROP TABLE IF EXISTS `app`;
CREATE TABLE `app` (
  `id` int(10) NOT NULL AUTO_INCREMENT,
  `wid` varchar(32) NOT NULL COMMENT '唯一标识ID',
  `name` varchar(32) NOT NULL COMMENT '公众号名称',
  `appsecret` varchar(64) NOT NULL COMMENT '公众号appsecret',
  `wx_app_id` varchar(32) NOT NULL COMMENT '公众号app_id',
  `token` varchar(10) NOT NULL COMMENT 'token',
  `qr_code_url` varchar(200) NOT NULL COMMENT '公众号二维码地址',
  `shop_id` int(11) DEFAULT NULL,
  PRIMARY KEY (`id`),
  UNIQUE KEY `wid_index` (`wid`) USING BTREE,
  KEY `shop_id` (`shop_id`),
  CONSTRAINT `app_ibfk_1` FOREIGN KEY (`shop_id`) REFERENCES `shop` (`id`) ON DELETE NO ACTION ON UPDATE NO ACTION
) ENGINE=InnoDB AUTO_INCREMENT=2 DEFAULT CHARSET=utf8mb4 ROW_FORMAT=COMPACT;

-- ----------------------------
--  Records of `app`
-- ----------------------------
BEGIN;
INSERT INTO `app` VALUES ('1', 'ysrlesgif5wvwb8rgsxpff7i28ge0pos', '测试', '910a10bc518ef56c74609a7bc86fdbcc', 'wxb6f5024abb25c6e9', 'r4urj8u', 'activity/123.png', null);
COMMIT;

-- ----------------------------
--  Table structure for `app_menu`
-- ----------------------------
DROP TABLE IF EXISTS `app_menu`;
CREATE TABLE `app_menu` (
  `id` int(11) NOT NULL AUTO_INCREMENT,
  `name` varchar(32) NOT NULL COMMENT '菜单名称',
  `type` varchar(10) NOT NULL COMMENT 'view or click',
  `menu_key` varchar(64) DEFAULT NULL COMMENT '当类型为click时必须有',
  `url` varchar(200) DEFAULT NULL COMMENT '当type=view时有url',
  `content` varchar(800) DEFAULT NULL COMMENT '回复的内容',
  `ref_type` tinyint(4) NOT NULL DEFAULT '0' COMMENT '引用类型，0-无  1-抽奖活动',
  `ref_id` int(10) DEFAULT NULL COMMENT '引用ID',
  `pid` int(11) DEFAULT NULL COMMENT '父级菜单ID',
  `seq` int(11) NOT NULL DEFAULT '0' COMMENT '排序号',
  `app_id` int(10) NOT NULL COMMENT '所属公众号ID',
  PRIMARY KEY (`id`)
) ENGINE=InnoDB AUTO_INCREMENT=31 DEFAULT CHARSET=utf8mb4 ROW_FORMAT=COMPACT COMMENT='微信菜单';

-- ----------------------------
--  Records of `app_menu`
-- ----------------------------
BEGIN;
INSERT INTO `app_menu` VALUES ('26', '首页', 'VIEW', 'gui8nmvdmd77e2x', 'http://www.oschina.net', null, '0', null, null, '1', '1'), ('27', '转盘活动', 'CLICK', null, null, null, '0', null, null, '2', '1'), ('28', '玩转转盘', 'CLICK', 'kaozedgonrgdsqb', null, null, '1', '1', '27', '1', '1'), ('29', '我的优惠券', 'CLICK', 'itzxcmisputfo2x', null, null, '2', null, '27', '2', '1'), ('30', '联系我们', 'CLICK', 'nezaopawo49vnmh', null, '活动咨询：Jack(手机号13333333333)\n商务合作：Eason(手机号13233333333)', '0', null, null, '3', '1');
COMMIT;

-- ----------------------------
--  Table structure for `app_version`
-- ----------------------------
DROP TABLE IF EXISTS `app_version`;
CREATE TABLE `app_version` (
  `id` int(11) NOT NULL AUTO_INCREMENT,
  `content` varchar(255) DEFAULT NULL COMMENT '更新说明',
  `create_time` datetime DEFAULT NULL,
  `link_url` varchar(255) DEFAULT NULL COMMENT '外部下载地址',
  `nature_no` int(11) DEFAULT NULL COMMENT '自然版本号',
  `os` varchar(20) DEFAULT NULL COMMENT '系统类型android or ios',
  `url` varchar(200) DEFAULT NULL COMMENT '内部下载地址',
  `version_no` varchar(20) DEFAULT NULL COMMENT '版本号',
  `status` tinyint(4) DEFAULT NULL COMMENT '1-有效   0-无效',
  `is_force` tinyint(4) DEFAULT '0' COMMENT '是否强制升级 0:否 1：是',
  PRIMARY KEY (`id`)
) ENGINE=InnoDB DEFAULT CHARSET=utf8 ROW_FORMAT=COMPACT;

-- ----------------------------
--  Table structure for `coupon`
-- ----------------------------
DROP TABLE IF EXISTS `coupon`;
CREATE TABLE `coupon` (
  `id` int(11) NOT NULL,
  `name` varchar(64) NOT NULL COMMENT '优惠券名称',
  `type` tinyint(4) NOT NULL COMMENT '1-优惠券  2-代金券  3-礼品券',
  `effect_days` int(10) NOT NULL DEFAULT '30' COMMENT '有效天数,暂未用到',
  `shop_id` int(10) NOT NULL COMMENT '所属商户',
  `frequency_limit` int(10) NOT NULL DEFAULT '-1' COMMENT '使用频率，-1-不限 , 7-7天内只能使用一次',
  PRIMARY KEY (`id`),
  KEY `shop_id` (`shop_id`),
  CONSTRAINT `coupon_ibfk_1` FOREIGN KEY (`shop_id`) REFERENCES `shop` (`id`) ON DELETE NO ACTION ON UPDATE NO ACTION
) ENGINE=InnoDB DEFAULT CHARSET=utf8mb4 ROW_FORMAT=COMPACT COMMENT='优惠券/代金券/礼品券';

-- ----------------------------
--  Records of `coupon`
-- ----------------------------
BEGIN;
INSERT INTO `coupon` VALUES ('1', '10元普通洗车券', '1', '30', '1', '7'), ('2', '50元打蜡优惠券', '1', '30', '1', '-1'), ('3', '100元抛光优惠券', '1', '30', '1', '-1'), ('4', '200元镀晶优惠券', '1', '30', '1', '-1'), ('5', '1000元极致镀晶优惠券', '1', '30', '1', '-1'), ('6', '30元精致洗车券', '1', '30', '1', '-1');
COMMIT;

-- ----------------------------
--  Table structure for `coupon_sn`
-- ----------------------------
DROP TABLE IF EXISTS `coupon_sn`;
CREATE TABLE `coupon_sn` (
  `id` int(10) NOT NULL AUTO_INCREMENT,
  `sn_code` varchar(32) NOT NULL COMMENT '优惠码',
  `uid` int(10) NOT NULL COMMENT '所属用户',
  `receive_time` datetime NOT NULL COMMENT '领取时间',
  `expire_time` date DEFAULT NULL COMMENT '过期时间',
  `status` tinyint(4) NOT NULL DEFAULT '0' COMMENT '0-未使用  1-已使用 ',
  `activity_id` int(10) DEFAULT NULL COMMENT '关联的活动',
  `used_time` datetime DEFAULT NULL,
  `coupon_id` int(10) NOT NULL COMMENT '所属优惠券',
  `start_time` date NOT NULL COMMENT '启用时间',
  `qr_code_url` varchar(200) DEFAULT NULL,
  `award_id` int(10) DEFAULT NULL COMMENT '奖品id',
  PRIMARY KEY (`id`),
  UNIQUE KEY `sn_code_index` (`sn_code`)
) ENGINE=InnoDB AUTO_INCREMENT=21 DEFAULT CHARSET=utf8mb4 ROW_FORMAT=COMPACT COMMENT='优惠券码';

-- ----------------------------
--  Records of `coupon_sn`
-- ----------------------------
BEGIN;
INSERT INTO `coupon_sn` VALUES ('17', '14753803756633', '54', '2016-10-02 11:52:55', '2016-12-31', '0', '1', null, '1', '2016-07-11', null, null), ('18', '14753956188050', '54', '2016-10-02 16:06:58', '2016-12-31', '1', '1', '2016-10-02 21:57:02', '1', '2016-07-11', null, null), ('19', '14753997115767', '54', '2016-10-02 17:15:11', '2016-12-31', '0', '1', null, '2', '2016-07-11', null, null), ('20', '14754530207370', '54', '2016-10-03 08:03:40', '2016-12-31', '0', '1', null, '1', '2016-07-11', null, null);
COMMIT;

-- ----------------------------
--  Table structure for `dict_data`
-- ----------------------------
DROP TABLE IF EXISTS `dict_data`;
CREATE TABLE `dict_data` (
  `id` int(11) NOT NULL AUTO_INCREMENT,
  `name` varchar(32) NOT NULL COMMENT '名称',
  `value` varchar(255) NOT NULL COMMENT '对应的值',
  `remark` varchar(32) DEFAULT NULL,
  `seq` int(11) NOT NULL COMMENT '排序，由小到大',
  `update_time` int(10) NOT NULL,
  `dict_type_id` int(11) NOT NULL COMMENT '字典类型ID',
  PRIMARY KEY (`id`)
) ENGINE=InnoDB AUTO_INCREMENT=7 DEFAULT CHARSET=utf8 ROW_FORMAT=COMPACT;

-- ----------------------------
--  Records of `dict_data`
-- ----------------------------
BEGIN;
INSERT INTO `dict_data` VALUES ('4', '诽谤辱骂', '1', '', '1', '1467514812', '3'), ('5', '淫秽色情', '2', '', '2', '1467514834', '3'), ('6', '垃圾广告', '3', '', '3', '1467514907', '3');
COMMIT;

-- ----------------------------
--  Table structure for `dict_type`
-- ----------------------------
DROP TABLE IF EXISTS `dict_type`;
CREATE TABLE `dict_type` (
  `id` int(11) NOT NULL AUTO_INCREMENT,
  `name` varchar(32) NOT NULL,
  `remark` varchar(32) DEFAULT NULL,
  `update_time` int(11) NOT NULL,
  PRIMARY KEY (`id`)
) ENGINE=InnoDB AUTO_INCREMENT=4 DEFAULT CHARSET=utf8 ROW_FORMAT=COMPACT;

-- ----------------------------
--  Records of `dict_type`
-- ----------------------------
BEGIN;
INSERT INTO `dict_type` VALUES ('1', '兴趣爱好', '用户选择兴趣爱好', '0'), ('3', '举报内容', '举报内容2', '1473167795');
COMMIT;

-- ----------------------------
--  Table structure for `music`
-- ----------------------------
DROP TABLE IF EXISTS `music`;
CREATE TABLE `music` (
  `id` int(11) NOT NULL AUTO_INCREMENT,
  `name` varchar(32) DEFAULT NULL COMMENT '歌曲名称',
  `singer` varchar(32) DEFAULT NULL COMMENT '歌手',
  `music_url` varchar(120) DEFAULT NULL,
  `hard_level` int(11) DEFAULT NULL COMMENT '1-简单\n2-中\n3-难',
  `language` varchar(32) DEFAULT NULL COMMENT '歌曲语言',
  PRIMARY KEY (`id`)
) ENGINE=InnoDB AUTO_INCREMENT=112 DEFAULT CHARSET=utf8 ROW_FORMAT=COMPACT;

-- ----------------------------
--  Records of `music`
-- ----------------------------
BEGIN;
INSERT INTO `music` VALUES ('2', '小手拉大手', '梁静茹', 'musics/level3/smallwideninghand.mp3', '3', '国语'), ('3', '千里之外', '周杰伦', 'music/20160531/qianlizhiwai.mp3', '2', '国语'), ('4', '止战之殇', '周杰伦', 'music/20160601/zhizhanzhishang.mp3', '3', '国语'), ('5', '乔克叔叔', '周杰伦', 'music/20160601/qiaokeshushu.mp3', '3', '国语'), ('6', '开不了口', '周杰伦', 'music/20160601/kaibulekou.mp3', '2', '国语'), ('7', '夜曲', '周杰伦', 'music/20160601/yequ.mp3', '2', '国语'), ('8', '外婆', '周杰伦', 'music/20160601/waipo.mp3', '1', '国语'), ('9', '甜甜的', '周杰伦', 'music/20160601/tiantiande.mp3', '1', '国语'), ('10', '说好的幸福呢', '周杰伦', 'music/20160601/shuohaodexingfuni.mp3', '2', '国语'), ('11', '傻笑', '周杰伦', 'music/20160601/shaxiao.mp3', '2', '国语'), ('12', '蒲公英的约定', '周杰伦', 'music/20160601/pugongyingdeyueding.mp3', '2', '国语'), ('13', '皮影戏', '周杰伦', 'music/20160601/piyingxi.mp3', '3', '国语'), ('14', '牛仔很忙', '周杰伦', 'music/20160601/niuzihenmang.mp3', '2', '国语'), ('15', '明明就', '周杰伦', 'music/20160601/mingmingjiu.mp3', '2', '国语'), ('16', '迷迭香', '周杰伦', 'music/20160601/midiexiang.mp3', '2', '国语'), ('17', '菊花台', '周杰伦', 'music/20160601/juhuatai.mp3', '1', '国语'), ('18', '惊叹号', '周杰伦', 'music/20160601/jingtanhao.mp3', '3', '国语'), ('19', '简单爱', '周杰伦', 'music/20160601/jiandanai.mp3', '1', '国语'), ('20', '黑色毛衣', '周杰伦', 'music/20160601/heisemaoyi.mp3', '2', '国语'), ('21', '轨迹', '周杰伦', 'music/20160601/guiji.mp3', '2', '国语'), ('22', '给我一首歌的时间', '周杰伦', 'music/20160601/jiwoyishougedeshijian.mp3', '1', '国语'), ('23', '发如雪', '周杰伦', 'music/20160601/faruxue.mp3', '1', '国语'), ('24', '断了的弦', '周杰伦', 'music/20160601/duanledexian.mp3', '1', '国语'), ('25', '东风破', '周杰伦', 'music/20160601/dongfengpo.mp3', '3', '国语'), ('26', '稻香', '周杰伦', 'music/20160601/daoxiang.mp3', '1', '国语'), ('27', '不能说的秘密', '周杰伦', 'music/20160601/bunengshuodemimi.mp3', '2', '国语'), ('28', '半兽人', '周杰伦', 'music/20160601/banshouren.mp3', '2', '国语'), ('29', '半岛铁盒', '周杰伦', 'music/20160601/bandaotiehe.mp3', '1', '国语'), ('30', '白色风车', '周杰伦', 'music/20160601/baisefengche.mp3', '3', '国语'), ('31', '暗号', '周杰伦', 'music/20160601/anhao.mp3', '2', '国语'), ('32', '安静', '周杰伦', 'music/20160601/anjing.mp3', '1', '国语'), ('33', '爱在西元前', '周杰伦', 'music/20160601/aizaixiyuanqian.mp3', '2', '国语'), ('34', '一千年以后', 'JJ', 'music/20160601/yiqiannianyihou.mp3', '2', '国语'), ('35', '她说', 'JJ', 'music/20160601/tashuo.mp3', '2', '国语'), ('36', '原来', 'JJ', 'music/20160601/yuanlai.mp3', '3', '国语'), ('37', '杀手', 'JJ', 'music/20160601/shashou.mp3', '3', '国语'), ('38', '你要的不是我', 'JJ', 'music/20160601/niyaodebushiwo.mp3', '3', '国语'), ('39', '木乃伊', 'JJ', 'music/20160601/munaiyi.mp3', '2', '国语'), ('40', '美人鱼', 'JJ', 'music/20160601/meirenyu.mp3', '2', '国语'), ('41', '流行主教', 'JJ', 'music/20160601/liuxingzhujiao.mp3', '1', '国语'), ('42', '江南', 'JJ', 'music/20160601/jiangnan.mp3', '1', '国语'), ('43', '简简单单', 'JJ', 'music/20160601/jianjiandandan.mp3', '1', '国语'), ('44', '记得', 'JJ', 'music/20160601/jide.mp3', '2', '国语'), ('45', '点一把火炬', 'JJ', 'music/20160601/dianyibahuoju.mp3', '3', '国语'), ('46', '第二天堂', 'JJ', 'music/20160601/diertiantang.mp3', '3', '国语'), ('47', '曹操', 'JJ', 'music/20160601/caocao.mp3', '1', '国语'), ('48', '不潮不用花钱', 'JJ', 'music/20160601/buchaobuyonghuaqian.mp3', '2', '国语'), ('49', '背对背拥抱', 'JJ', 'music/20160601/beiduibeiyongbao.mp3', '3', '国语'), ('50', '逆战', '张杰', 'music/20160601/nizhan.mp3', '2', '国语'), ('51', '我们都一样', '张杰', 'music/20160601/womendouyiyang.mp3', '2', '国语'), ('52', '明天过后', '张杰', 'music/20160601/mingtianguohou.mp3', '2', '国语'), ('53', '一路上有你', '张学友', 'music/20160601/yilushangyouni.mp3', '1', '国语'), ('54', '相思风雨中', '张学友', 'music/20160601/xiangsifengyuzhong.mp3', '2', '粤语'), ('55', '夕阳醉了', '张学友', 'music/20160601/xiyangzuile.mp3', '3', '粤语'), ('56', '我真的受伤了', '张学友', 'music/20160601/wozhendeshoushangle.mp3', '1', '国语'), ('57', '吻别', '张学友', 'music/20160601/wenbie.mp3', '1', '国语'), ('58', '味道', '张学友', 'music/20160601/weidao.mp3', '1', '国语'), ('59', '头发乱了', '张学友', 'music/20160601/toufaluanle.mp3', '3', '粤语'), ('60', '如果这都不算爱', '张学友', 'music/20160601/ruguozheidoubusuanai.mp3', '1', '国语'), ('61', '情网', '张学友', 'music/20160601/qingwang.mp3', '2', '粤语'), ('62', '情书', '张学友', 'music/20160601/qingshu.mp3', '2', '国语'), ('63', '旧情绵绵', '张学友', 'music/20160601/jiuqingmianmian.mp3', '3', '粤语'), ('64', '烦恼歌', '张学友', 'music/20160601/fannaoge.mp3', '1', '国语'), ('65', '饿狼传说', '张学友', 'music/20160601/elangchuanshuo.mp3', '1', '粤语'), ('66', '有何不可', '许嵩', 'music/20160601/youhebuke.mp3', '2', '国语'), ('67', '星座书上', '许嵩', 'music/20160601/xingzuoshushang.mp3', '3', '国语'), ('68', '叹服', '许嵩', 'music/20160601/tanfu.mp3', '2', '国语'), ('69', '素颜', '许嵩', 'music/20160601/suyan.mp3', '2', '国语'), ('70', '如果当时', '许嵩', 'music/20160601/ruguodangshi.mp3', '3', '国语'), ('71', '认错', '许嵩', 'music/20160601/rencuo.mp3', '2', '国语'), ('72', '清明雨上', '许嵩', 'music/20160601/qingmingyushang.mp3', '1', '国语'), ('73', '千百度', '许嵩', 'music/20160601/qianbaidu.mp3', '1', '国语'), ('74', '玫瑰花的葬礼', '许嵩', 'music/20160601/meiguihuadezangli.mp3', '2', '国语'), ('75', '庐州月', '许嵩', 'music/20160601/luzhouyue.mp3', '2', '国语'), ('76', '灰色头像', '许嵩', 'music/20160601/huisetouxiang.mp3', '3', '国语'), ('77', '幻听', '许嵩', 'music/20160601/huanting.mp3', '3', '国语'), ('78', '胡萝卜须', '许嵩', 'music/20160601/huluobuxu.mp3', '2', '国语'), ('79', '城府', '许嵩', 'music/20160601/chengfu.mp3', '2', '国语'), ('80', '尘世美', '许嵩', 'music/20160601/chenshimei.mp3', '3', '国语'), ('81', '犯贱', '徐良', 'music/20160601/fanjian.mp3', '2', '国语'), ('82', '他的猫', '徐良', 'music/20160601/tademao.mp3', '2', '国语'), ('83', '知足', '五月天', 'music/20160601/zhizu.mp3', '1', '国语'), ('84', '星空', '五月天', 'music/20160601/xingkong.mp3', '2', '国语'), ('85', '突然好想你', '五月天', 'music/20160601/turanhaoxiangni.mp3', '2', '国语'), ('86', '你不是真正的快乐', '五月天', 'music/20160601/nibushizhenzhengdekuaile.mp3', '1', '国语'), ('87', '倔强', '五月天', 'music/20160601/jueqiang.mp3', '1', '国语'), ('88', '流年', '王菲', 'music/20160601/liunian.mp3', '2', '国语'), ('89', '红豆', '王菲', 'music/20160601/hongdou.mp3', '1', '国语'), ('90', '给自己的情书', '王菲', 'music/20160601/jizijideqingshu.mp3', '3', '粤语'), ('91', '传奇', '王菲', 'music/20160601/chuanqi.mp3', '2', '国语'), ('92', '一起走过的日子', '刘德华', 'music/20160601/yiqizouguoderizi.mp3', '1', '粤语'), ('93', '勇气', '梁静茹', 'music/20160601/yongqi.mp3', '1', '国语'), ('94', '丝路', '梁静茹', 'music/20160601/silu.mp3', '1', '国语'), ('95', '偶阵雨', '梁静茹', 'music/20160601/ouzhenyu.mp3', '2', '国语'), ('97', '宁夏', '梁静茹', 'music/20160601/ningxia.mp3', '1', '国语'), ('98', '没有如果', '梁静茹', 'music/20160601/meiyouruguo.mp3', '2', '国语'), ('99', '爱你不是两三天', '梁静茹', 'music/20160601/ainibushiliangsantian.mp3', '3', '国语'), ('100', '花田错', '王力宏', 'music/20160601/huatiancuo.mp3', '2', '国语'), ('101', '改变自己', '王力宏', 'music/20160601/gaibianziji.mp3', '2', '国语'), ('102', '爱的就是你', '王力宏', 'music/20160601/aidejiushini.mp3', '2', '国语'), ('103', '爱错', '王力宏', 'music/20160601/aicuo.mp3', '2', '国语'), ('104', '星月神话', '金莎', 'music/20160601/xingyueshenhua.mp3', '1', '国语'), ('105', '笨蛋', '金莎', 'music/20160601/bendan.mp3', '1', '国语'), ('106', '昨夜星辰', '邓丽君', 'music/20160601/zuoyexingchen.mp3', '3', '国语'), ('107', '又见炊烟', '邓丽君', 'music/20160601/youjianchuiyan.mp3', '3', '国语'), ('108', '小城故事', '邓丽君', 'music/20160601/xiaochenggushi.mp3', '3', '国语'), ('109', '恰似你的温柔', '邓丽君', 'music/20160601/qiasinidewenrou.mp3', '3', '国语'), ('110', '美酒加咖啡', '邓丽君', 'music/20160601/meijiujiakafei.mp3', '3', '国语'), ('111', '漫步人生路', '邓丽君', 'music/20160601/manburenshenglu.mp3', '2', '国语');
COMMIT;

-- ----------------------------
--  Table structure for `music_activity`
-- ----------------------------
DROP TABLE IF EXISTS `music_activity`;
CREATE TABLE `music_activity` (
  `id` int(11) NOT NULL AUTO_INCREMENT,
  `title` varchar(32) DEFAULT NULL COMMENT '活动标题',
  `status` int(11) DEFAULT NULL,
  `start_time` datetime DEFAULT NULL,
  `end_time` datetime DEFAULT NULL,
  `level_think_minute` int(11) DEFAULT '2' COMMENT '每一关卡可思考的分钟',
  `link_url` varchar(200) DEFAULT NULL COMMENT '活动介绍外链',
  `summary` varchar(200) DEFAULT NULL COMMENT '活动摘要介绍',
  `img_url` varchar(200) DEFAULT NULL COMMENT '封面地址',
  `level_count` int(11) NOT NULL DEFAULT '10' COMMENT '总关卡数',
  `app_id` int(11) DEFAULT NULL,
  PRIMARY KEY (`id`),
  KEY `app_id` (`app_id`),
  CONSTRAINT `music_activity_ibfk_1` FOREIGN KEY (`app_id`) REFERENCES `app` (`id`) ON DELETE NO ACTION ON UPDATE NO ACTION
) ENGINE=InnoDB AUTO_INCREMENT=2 DEFAULT CHARSET=utf8 ROW_FORMAT=COMPACT;

-- ----------------------------
--  Records of `music_activity`
-- ----------------------------
BEGIN;
INSERT INTO `music_activity` VALUES ('1', '欢乐猜歌闯关(第1期)', '1', '2016-05-29 00:17:31', '2016-12-31 23:59:59', '4', 'http://www.baidu.com', '测试', null, '12', '1');
COMMIT;

-- ----------------------------
--  Table structure for `music_activity_play_record`
-- ----------------------------
DROP TABLE IF EXISTS `music_activity_play_record`;
CREATE TABLE `music_activity_play_record` (
  `id` bigint(20) NOT NULL AUTO_INCREMENT,
  `uid` int(11) DEFAULT NULL COMMENT '参与的用户ID',
  `music_activity_id` int(11) DEFAULT NULL COMMENT '参与的活动',
  `play_date` datetime DEFAULT NULL COMMENT '参与的时间',
  `last_play_date` datetime DEFAULT NULL COMMENT '最近玩的时间',
  `score` int(11) DEFAULT '0' COMMENT '最新的成绩，当前成绩',
  `high_score` int(11) DEFAULT '0' COMMENT '最高的一次成绩',
  `spend_time` bigint(11) DEFAULT '0' COMMENT '消耗的时间',
  `high_spend_time` bigint(11) DEFAULT '0' COMMENT '最高分数的耗时',
  `last_music_id` int(11) DEFAULT NULL COMMENT '当前关卡的音乐ID',
  `last_status` int(11) DEFAULT '0' COMMENT '当前状态：0-进行中\n1-已结束',
  `current_level` int(11) DEFAULT '0' COMMENT '当前关卡',
  PRIMARY KEY (`id`),
  KEY `uid` (`uid`),
  KEY `music_activity_id` (`music_activity_id`),
  CONSTRAINT `music_activity_play_record_ibfk_1` FOREIGN KEY (`uid`) REFERENCES `user` (`id`) ON DELETE NO ACTION ON UPDATE NO ACTION,
  CONSTRAINT `music_activity_play_record_ibfk_2` FOREIGN KEY (`music_activity_id`) REFERENCES `music_activity` (`id`) ON DELETE NO ACTION ON UPDATE NO ACTION
) ENGINE=InnoDB AUTO_INCREMENT=50 DEFAULT CHARSET=utf8 ROW_FORMAT=COMPACT;

-- ----------------------------
--  Records of `music_activity_play_record`
-- ----------------------------
BEGIN;
INSERT INTO `music_activity_play_record` VALUES ('48', '54', '1', '2016-10-04 10:15:06', '2016-10-04 11:04:25', '73', '73', '3342677', '3342677', '2', '1', '12'), ('49', '55', '1', '2016-10-04 15:28:47', '2016-10-04 16:09:40', '0', '93', '0', '241864', '24', '0', '1');
COMMIT;

-- ----------------------------
--  Table structure for `music_activity_question`
-- ----------------------------
DROP TABLE IF EXISTS `music_activity_question`;
CREATE TABLE `music_activity_question` (
  `id` bigint(20) NOT NULL AUTO_INCREMENT,
  `music_activity_id` int(11) DEFAULT NULL,
  `music_id` int(11) DEFAULT NULL,
  `level` int(11) DEFAULT NULL COMMENT '属于哪个关卡的歌曲',
  PRIMARY KEY (`id`),
  KEY `music_activity_id` (`music_activity_id`),
  KEY `music_id` (`music_id`),
  CONSTRAINT `music_activity_question_ibfk_1` FOREIGN KEY (`music_activity_id`) REFERENCES `music_activity` (`id`) ON DELETE NO ACTION ON UPDATE NO ACTION,
  CONSTRAINT `music_activity_question_ibfk_2` FOREIGN KEY (`music_id`) REFERENCES `music` (`id`) ON DELETE NO ACTION ON UPDATE NO ACTION
) ENGINE=InnoDB AUTO_INCREMENT=194 DEFAULT CHARSET=utf8 ROW_FORMAT=COMPACT;

-- ----------------------------
--  Records of `music_activity_question`
-- ----------------------------
BEGIN;
INSERT INTO `music_activity_question` VALUES ('182', '1', '87', '1'), ('183', '1', '9', '2'), ('184', '1', '93', '3'), ('185', '1', '86', '4'), ('186', '1', '98', '5'), ('187', '1', '14', '6'), ('188', '1', '21', '7'), ('189', '1', '15', '8'), ('190', '1', '76', '9'), ('191', '1', '25', '10'), ('192', '1', '106', '11'), ('193', '1', '80', '12');
COMMIT;

-- ----------------------------
--  Table structure for `shop`
-- ----------------------------
DROP TABLE IF EXISTS `shop`;
CREATE TABLE `shop` (
  `id` int(10) NOT NULL,
  `name` varchar(64) NOT NULL COMMENT '商家名称',
  `address` varchar(200) NOT NULL COMMENT '商家地址',
  `lng` double DEFAULT NULL COMMENT '经度',
  `lat` double DEFAULT NULL COMMENT '纬度',
  `telephone` varchar(15) DEFAULT NULL COMMENT '联系电话',
  PRIMARY KEY (`id`)
) ENGINE=InnoDB DEFAULT CHARSET=utf8mb4 ROW_FORMAT=COMPACT COMMENT='商户';

-- ----------------------------
--  Records of `shop`
-- ----------------------------
BEGIN;
INSERT INTO `shop` VALUES ('1', 'xxx汽车美容服务中心', '天河区科韵路55号', '0', '0', null);
COMMIT;

-- ----------------------------
--  Table structure for `sys_log`
-- ----------------------------
DROP TABLE IF EXISTS `sys_log`;
CREATE TABLE `sys_log` (
  `id` int(11) NOT NULL AUTO_INCREMENT,
  `uid` int(11) DEFAULT NULL COMMENT '系统用户ID',
  `from` varchar(255) DEFAULT NULL COMMENT '来源 url',
  `ip` varchar(22) DEFAULT NULL COMMENT '客户端IP',
  `url` varchar(255) DEFAULT NULL,
  `date` datetime DEFAULT NULL COMMENT '记录时间',
  `err_msg` text COMMENT '异常信息',
  `err_code` int(10) DEFAULT '0' COMMENT '状态码，0：正常',
  `class_name` varchar(200) DEFAULT NULL COMMENT 'controller类名',
  `method_name` varchar(64) DEFAULT NULL COMMENT '方法名',
  `start_time` datetime DEFAULT NULL COMMENT '操作时间',
  `spend_time` bigint(20) DEFAULT NULL COMMENT '耗时，毫秒',
  `params` text COMMENT '提供的参数',
  PRIMARY KEY (`id`),
  KEY `FK_sys_EVENT` (`uid`),
  CONSTRAINT `sys_log_ibfk_1` FOREIGN KEY (`uid`) REFERENCES `sys_user` (`id`) ON DELETE CASCADE ON UPDATE CASCADE
) ENGINE=InnoDB AUTO_INCREMENT=37663 DEFAULT CHARSET=utf8 ROW_FORMAT=COMPACT;

-- ----------------------------
--  Records of `sys_log`
-- ----------------------------
BEGIN;
INSERT INTO `sys_log` VALUES ('37061', null, 'http://localhost:8080/login', '0:0:0:0:0:0:0:1%0', '/image/getCode', null, '', '0', 'com.jcbase.controller.ImageController', 'getCode', '2016-09-10 11:36:52', '1521', null), ('37062', '1', 'http://localhost:8080/', '0:0:0:0:0:0:0:1%0', '/app', null, '', '0', 'com.jcbase.controller.app.AppVersionController', 'index', '2016-09-10 21:12:20', '1', null), ('37063', '1', 'http://localhost:8080/app', '0:0:0:0:0:0:0:1%0', '/app/getListData', null, '', '0', 'com.jcbase.controller.app.AppVersionController', 'getListData', '2016-09-10 21:12:21', '17', null), ('37064', '1', 'http://localhost:8080/', '0:0:0:0:0:0:0:1%0', '/app/addApp', null, '', '0', 'com.jcbase.controller.app.AppVersionController', 'addApp', '2016-09-10 21:12:23', '1', null), ('37065', '1', 'http://localhost:8080/app/addApp', '0:0:0:0:0:0:0:1%0', '/app', null, '', '0', 'com.jcbase.controller.app.AppVersionController', 'index', '2016-09-10 21:12:24', '1', null), ('37066', '1', 'http://localhost:8080/', '0:0:0:0:0:0:0:1%0', '/sys/user', null, '', '0', 'com.jcbase.controller.sys.UserController', 'index', '2016-09-10 21:12:31', '1', null), ('37067', '1', 'http://localhost:8080/', '0:0:0:0:0:0:0:1%0', '/sys/res', null, '', '0', 'com.jcbase.controller.sys.ResController', 'index', '2016-09-10 21:12:32', '0', null), ('37068', '1', 'http://localhost:8080/sys/user', '0:0:0:0:0:0:0:1%0', '/sys/user/getListData', null, '', '0', 'com.jcbase.controller.sys.UserController', 'getListData', '2016-09-10 21:12:32', '18', null), ('37069', '1', 'http://localhost:8080/sys/res', '0:0:0:0:0:0:0:1%0', '/sys/res/getTreeGridView', null, '', '0', 'com.jcbase.controller.sys.ResController', 'getTreeGridView', '2016-09-10 21:12:32', '40', null), ('37070', '1', 'http://localhost:8080/', '0:0:0:0:0:0:0:1%0', '/sys/role', null, '', '0', 'com.jcbase.controller.sys.RoleController', 'index', '2016-09-10 21:12:32', '0', null), ('37071', '1', 'http://localhost:8080/sys/role', '0:0:0:0:0:0:0:1%0', '/sys/role/getListData', null, '', '0', 'com.jcbase.controller.sys.RoleController', 'getListData', '2016-09-10 21:12:33', '4', null), ('37072', '1', 'http://localhost:8080/', '0:0:0:0:0:0:0:1%0', '/dict', null, '', '0', 'com.jcbase.controller.sys.DictController', 'index', '2016-09-10 21:12:34', '1', null), ('37073', '1', 'http://localhost:8080/dict', '0:0:0:0:0:0:0:1%0', '/dict/getTypeListData', null, '', '0', 'com.jcbase.controller.sys.DictController', 'getTypeListData', '2016-09-10 21:12:34', '5', null), ('37074', '1', 'http://localhost:8080/', '0:0:0:0:0:0:0:1%0', '/dict/data_index', null, '', '0', 'com.jcbase.controller.sys.DictController', 'data_index', '2016-09-10 21:12:37', '1', null), ('37075', '1', 'http://localhost:8080/dict/data_index?typeId=3', '0:0:0:0:0:0:0:1%0', '/dict/getListData', null, '', '0', 'com.jcbase.controller.sys.DictController', 'getListData', '2016-09-10 21:12:37', '5', null), ('37076', '1', 'http://localhost:8080/dict/data_index?typeId=3', '0:0:0:0:0:0:0:1%0', '/dict/add_data', null, '', '0', 'com.jcbase.controller.sys.DictController', 'add_data', '2016-09-10 21:12:39', '1', null), ('37077', '1', 'http://localhost:8080/', '0:0:0:0:0:0:0:1%0', '/dict', null, '', '0', 'com.jcbase.controller.sys.DictController', 'index', '2016-09-10 21:48:48', '0', null), ('37078', '1', 'http://localhost:8080/dict', '0:0:0:0:0:0:0:1%0', '/dict/getTypeListData', null, '', '0', 'com.jcbase.controller.sys.DictController', 'getTypeListData', '2016-09-10 21:48:49', '4', null), ('37079', '1', 'http://localhost:8080/', '0:0:0:0:0:0:0:1%0', '/app', null, '', '0', 'com.jcbase.controller.app.AppVersionController', 'index', '2016-09-10 21:48:52', '0', null), ('37080', '1', 'http://localhost:8080/app', '0:0:0:0:0:0:0:1%0', '/app/getListData', null, '', '0', 'com.jcbase.controller.app.AppVersionController', 'getListData', '2016-09-10 21:48:52', '1', null), ('37081', '1', 'http://localhost:8080/', '0:0:0:0:0:0:0:1%0', '/sys/res', null, '', '0', 'com.jcbase.controller.sys.ResController', 'index', '2016-09-10 21:48:53', '0', null), ('37082', '1', 'http://localhost:8080/sys/res', '0:0:0:0:0:0:0:1%0', '/sys/res/getTreeGridView', null, '', '0', 'com.jcbase.controller.sys.ResController', 'getTreeGridView', '2016-09-10 21:48:54', '32', null), ('37083', '1', 'http://localhost:8080/', '0:0:0:0:0:0:0:1%0', '/sys/role', null, '', '0', 'com.jcbase.controller.sys.RoleController', 'index', '2016-09-10 21:48:54', '0', null), ('37084', '1', 'http://localhost:8080/sys/role', '0:0:0:0:0:0:0:1%0', '/sys/role/getListData', null, '', '0', 'com.jcbase.controller.sys.RoleController', 'getListData', '2016-09-10 21:48:55', '3', null), ('37085', '1', 'http://localhost:8080/', '0:0:0:0:0:0:0:1%0', '/sys/user', null, '', '0', 'com.jcbase.controller.sys.UserController', 'index', '2016-09-10 21:48:55', '0', null), ('37086', '1', 'http://localhost:8080/sys/user', '0:0:0:0:0:0:0:1%0', '/sys/user/getListData', null, '', '0', 'com.jcbase.controller.sys.UserController', 'getListData', '2016-09-10 21:48:56', '15', null), ('37087', '1', 'http://localhost:8080/', '0:0:0:0:0:0:0:1%0', '/dict', null, '', '0', 'com.jcbase.controller.sys.DictController', 'index', '2016-09-10 21:48:57', '0', null), ('37088', '1', 'http://localhost:8080/dict', '0:0:0:0:0:0:0:1%0', '/dict/getTypeListData', null, '', '0', 'com.jcbase.controller.sys.DictController', 'getTypeListData', '2016-09-10 21:48:58', '5', null), ('37089', null, 'http://wxsong.ngrok.cc/login', '127.0.0.1', '/image/getCode', null, '', '0', 'com.jcbase.controller.ImageController', 'getCode', '2016-09-10 23:19:04', '1309', null), ('37090', '1', 'http://wxsong.ngrok.cc/', '127.0.0.1', '/app', null, '', '0', 'com.jcbase.controller.app.AppVersionController', 'index', '2016-09-10 23:21:36', '2', null), ('37091', '1', 'http://wxsong.ngrok.cc/app', '127.0.0.1', '/app/getListData', null, '', '0', 'com.jcbase.controller.app.AppVersionController', 'getListData', '2016-09-10 23:21:37', '13', null), ('37092', '1', 'http://wxsong.ngrok.cc/', '127.0.0.1', '/app/addApp', null, '', '0', 'com.jcbase.controller.app.AppVersionController', 'addApp', '2016-09-10 23:21:41', '0', null), ('37093', null, 'http://wxsong.ngrok.cc/login', '127.0.0.1', '/image/getCode', null, '', '0', 'com.jcbase.controller.ImageController', 'getCode', '2016-09-11 11:14:35', '1369', null), ('37094', null, null, '127.0.0.1', '/api/wx', null, '', '0', 'cn.weixin.song.controller.api.WxController', 'index', '2016-09-11 11:17:43', '7', null), ('37095', null, null, '127.0.0.1', '/api/wx', null, '', '0', 'cn.weixin.song.controller.api.WxController', 'index', '2016-09-11 11:21:37', '48', null), ('37096', null, null, '127.0.0.1', '/api/wx', null, '', '0', 'cn.weixin.song.controller.api.WxController', 'index', '2016-09-11 11:21:43', '3', null), ('37097', null, null, '127.0.0.1', '/api/wx', null, '', '0', 'cn.weixin.song.controller.api.WxController', 'index', '2016-09-11 11:22:25', '3', null), ('37098', null, null, '127.0.0.1', '/api/wx', null, '', '0', 'cn.weixin.song.controller.api.WxController', 'index', '2016-09-11 11:24:57', '0', null), ('37099', null, null, '127.0.0.1', '/api/wx', null, '', '0', 'cn.weixin.song.controller.api.WxController', 'index', '2016-09-11 11:26:41', '11', null), ('37100', null, null, '127.0.0.1', '/api/wx', null, '', '0', 'cn.weixin.song.controller.api.WxController', 'index', '2016-09-11 11:27:56', '12', null), ('37101', null, null, '127.0.0.1', '/api/wx', null, '', '0', 'cn.weixin.song.controller.api.WxController', 'index', '2016-09-11 11:28:48', '12', null), ('37102', null, null, '127.0.0.1', '/api/wx', null, '', '0', 'cn.weixin.song.controller.api.WxController', 'index', '2016-09-11 11:30:06', '13', null), ('37103', null, null, '127.0.0.1', '/api/wx', null, '', '0', 'cn.weixin.song.controller.api.WxController', 'index', '2016-09-11 11:32:03', '10', null), ('37104', null, null, '127.0.0.1', '/api/wx', null, '', '0', 'cn.weixin.song.controller.api.WxController', 'index', '2016-09-11 11:33:26', '14', null), ('37105', null, null, '127.0.0.1', '/api/wx', null, '', '0', 'cn.weixin.song.controller.api.WxController', 'index', '2016-09-11 11:34:42', '4', null), ('37106', null, 'http://wxsong.ngrok.cc/login', '127.0.0.1', '/image/getCode', null, '', '0', 'com.jcbase.controller.ImageController', 'getCode', '2016-09-11 12:27:08', '1444', null), ('37107', null, 'http://wxsong.ngrok.cc/login', '127.0.0.1', '/image/getCode', null, '', '0', 'com.jcbase.controller.ImageController', 'getCode', '2016-09-11 12:27:11', '26', null), ('37108', null, 'http://wxsong.ngrok.cc/login', '127.0.0.1', '/image/getCode', null, '', '0', 'com.jcbase.controller.ImageController', 'getCode', '2016-09-11 12:27:11', '29', null), ('37109', null, 'http://wxsong.ngrok.cc/login', '127.0.0.1', '/image/getCode', null, '', '0', 'com.jcbase.controller.ImageController', 'getCode', '2016-09-11 12:28:44', '23', null), ('37110', null, 'http://wxsong.ngrok.cc/login', '127.0.0.1', '/image/getCode', null, '', '0', 'com.jcbase.controller.ImageController', 'getCode', '2016-09-11 12:28:44', '14', null), ('37111', null, 'http://wxsong.ngrok.cc/login', '127.0.0.1', '/image/getCode', null, '', '0', 'com.jcbase.controller.ImageController', 'getCode', '2016-09-11 12:28:45', '18', null), ('37112', null, 'http://wxsong.ngrok.cc/login', '127.0.0.1', '/image/getCode', null, '', '0', 'com.jcbase.controller.ImageController', 'getCode', '2016-09-11 12:28:45', '20', null), ('37113', null, 'http://wxsong.ngrok.cc/login', '127.0.0.1', '/image/getCode', null, '', '0', 'com.jcbase.controller.ImageController', 'getCode', '2016-09-11 12:28:45', '10', null), ('37114', null, 'http://wxsong.ngrok.cc/login', '127.0.0.1', '/image/getCode', null, '', '0', 'com.jcbase.controller.ImageController', 'getCode', '2016-09-11 12:28:45', '21', null), ('37115', null, 'http://wxsong.ngrok.cc/login', '127.0.0.1', '/image/getCode', null, '', '0', 'com.jcbase.controller.ImageController', 'getCode', '2016-09-21 21:34:54', '1438', null), ('37116', null, 'http://wxsong.ngrok.cc/login', '127.0.0.1', '/image/getCode', null, '', '0', 'com.jcbase.controller.ImageController', 'getCode', '2016-09-21 21:42:26', '34', null), ('37117', null, null, '127.0.0.1', '/api/wx', null, '', '0', 'cn.weixin.song.controller.api.WxController', 'index', '2016-09-21 21:42:44', '1', null), ('37118', null, null, '127.0.0.1', '/api/wx', null, '', '0', 'cn.weixin.song.controller.api.WxController', 'index', '2016-09-21 21:42:47', '0', null), ('37119', null, null, '127.0.0.1', '/api/wx', null, '', '0', 'cn.weixin.song.controller.api.WxController', 'index', '2016-09-21 21:44:04', '11', null), ('37120', null, null, '127.0.0.1', '/api/wx', null, '', '0', 'cn.weixin.song.controller.api.WxController', 'index', '2016-09-21 21:45:17', '31', null), ('37121', null, null, '127.0.0.1', '/api/wx', null, '', '0', 'cn.weixin.song.controller.api.WxController', 'index', '2016-09-22 22:57:35', '77', null), ('37122', null, null, '127.0.0.1', '/api/wx', null, '', '0', 'cn.weixin.song.controller.api.WxController', 'index', '2016-09-22 22:57:59', '6', null), ('37123', null, null, '127.0.0.1', '/api/wx', null, '', '0', 'cn.weixin.song.controller.api.WxController', 'index', '2016-09-22 23:00:45', '2', null), ('37124', null, null, '127.0.0.1', '/api/wx', null, '', '0', 'cn.weixin.song.controller.api.WxController', 'index', '2016-09-22 23:10:36', '67', null), ('37125', null, null, '127.0.0.1', '/api/wx', null, '', '0', 'cn.weixin.song.controller.api.WxController', 'index', '2016-09-22 23:11:01', '9', null), ('37126', null, null, '127.0.0.1', '/api/wx', null, '', '0', 'cn.weixin.song.controller.api.WxController', 'index', '2016-09-22 23:12:57', '2966', null), ('37127', null, null, '127.0.0.1', '/api/wx', null, '', '0', 'cn.weixin.song.controller.api.WxController', 'index', '2016-09-22 23:13:28', '1932', null), ('37128', null, null, '127.0.0.1', '/api/wx', null, '', '0', 'cn.weixin.song.controller.api.WxController', 'index', '2016-09-24 15:37:23', '86', null), ('37129', null, null, '127.0.0.1', '/api/wx', null, '', '0', 'cn.weixin.song.controller.api.WxController', 'index', '2016-09-24 15:38:08', '3', null), ('37130', null, null, '127.0.0.1', '/api/wx', null, '', '0', 'cn.weixin.song.controller.api.WxController', 'index', '2016-09-24 15:39:32', '74', null), ('37131', null, null, '127.0.0.1', '/wx/luck', null, '', '0', 'cn.weixin.song.controller.wx.WxLuckController', 'index', '2016-09-28 20:52:52', '1757', null), ('37132', null, null, '127.0.0.1', '/wx/luck', null, '', '0', 'cn.weixin.song.controller.wx.WxLuckController', 'index', '2016-09-28 20:53:34', '1662', null), ('37133', null, 'http://wxsong.ngrok.cc/wx/luck?aid=1', '127.0.0.1', '/wx/luck', null, '', '0', 'cn.weixin.song.controller.wx.WxLuckController', 'index', '2016-09-28 20:53:45', '10', null), ('37134', null, null, '127.0.0.1', '/wx/luck', null, '', '0', 'cn.weixin.song.controller.wx.WxLuckController', 'index', '2016-09-28 21:14:56', '1987', null), ('37135', null, 'http://wxsong.ngrok.cc/wx/luck?aid=1', '127.0.0.1', '/wx/luck', null, '', '0', 'cn.weixin.song.controller.wx.WxLuckController', 'index', '2016-09-28 21:15:05', '10', null), ('37136', null, null, '0:0:0:0:0:0:0:1%0', '/wx/luck', null, '', '0', 'cn.weixin.song.controller.wx.WxLuckController', 'index', '2016-09-30 21:41:01', '2832', null), ('37137', null, null, '0:0:0:0:0:0:0:1%0', '/wx/luck', null, '', '0', 'cn.weixin.song.controller.wx.WxLuckController', 'index', '2016-09-30 21:41:37', '9', null), ('37138', null, null, '0:0:0:0:0:0:0:1%0', '/wx/luck', null, '', '0', 'cn.weixin.song.controller.wx.WxLuckController', 'index', '2016-09-30 21:41:44', '9', null), ('37139', null, null, '0:0:0:0:0:0:0:1%0', '/wx/luck', null, '', '0', 'cn.weixin.song.controller.wx.WxLuckController', 'index', '2016-09-30 21:41:46', '9', null), ('37140', null, 'http://localhost:8080/wx/luck?aid=1', '0:0:0:0:0:0:0:1%0', '/wx/luck', null, '', '0', 'cn.weixin.song.controller.wx.WxLuckController', 'index', '2016-09-30 21:41:51', '8', null), ('37141', null, null, '0:0:0:0:0:0:0:1%0', '/wx/luck', null, '', '0', 'cn.weixin.song.controller.wx.WxLuckController', 'index', '2016-09-30 21:42:57', '11', null), ('37142', null, 'http://localhost:8080/wx/luck?aid=1', '0:0:0:0:0:0:0:1%0', '/wx/luck', null, '', '0', 'cn.weixin.song.controller.wx.WxLuckController', 'index', '2016-09-30 21:43:00', '9', null), ('37143', null, null, '127.0.0.1', '/wx/luck', null, '', '0', 'cn.weixin.song.controller.wx.WxLuckController', 'index', '2016-09-30 21:44:07', '11', null), ('37144', null, 'http://wxsong.ngrok.cc/wx/luck?aid=1', '127.0.0.1', '/wx/luck', null, '', '0', 'cn.weixin.song.controller.wx.WxLuckController', 'index', '2016-09-30 21:44:13', '10', null), ('37145', null, null, '0:0:0:0:0:0:0:1%0', '/wx/luck', null, '', '0', 'cn.weixin.song.controller.wx.WxLuckController', 'index', '2016-09-30 22:05:26', '10', null), ('37146', null, 'http://localhost:8080/wx/luck?aid=1', '0:0:0:0:0:0:0:1%0', '/wx/luck', null, '', '0', 'cn.weixin.song.controller.wx.WxLuckController', 'index', '2016-09-30 22:05:33', '8', null), ('37147', null, null, '127.0.0.1', '/api/wx', null, '', '0', 'cn.weixin.song.controller.api.WxController', 'index', '2016-10-01 23:52:13', '121', null), ('37148', null, null, '127.0.0.1', '/api/wx', null, '', '0', 'cn.weixin.song.controller.api.WxController', 'index', '2016-10-01 23:52:42', '77', null), ('37149', null, null, '127.0.0.1', '/api/wx', null, '', '0', 'cn.weixin.song.controller.api.WxController', 'index', '2016-10-01 23:53:01', '7', null), ('37150', null, null, '127.0.0.1', '/api/wx', null, '', '0', 'cn.weixin.song.controller.api.WxController', 'index', '2016-10-01 23:53:43', '7', null), ('37151', null, null, '127.0.0.1', '/api/wx', null, '', '0', 'cn.weixin.song.controller.api.WxController', 'index', '2016-10-01 23:54:04', '7', null), ('37152', null, null, '127.0.0.1', '/api/wx', null, '', '0', 'cn.weixin.song.controller.api.WxController', 'index', '2016-10-01 23:54:18', '6', null), ('37153', null, null, '127.0.0.1', '/api/wx', null, '', '0', 'cn.weixin.song.controller.api.WxController', 'index', '2016-10-01 23:55:25', '77', null), ('37154', null, null, '127.0.0.1', '/api/wx', null, '', '0', 'cn.weixin.song.controller.api.WxController', 'index', '2016-10-01 23:56:10', '3', null), ('37155', null, null, '127.0.0.1', '/api/wx', null, '', '0', 'cn.weixin.song.controller.api.WxController', 'index', '2016-10-01 23:56:47', '66', null), ('37156', null, null, '127.0.0.1', '/api/wx', null, '', '0', 'cn.weixin.song.controller.api.WxController', 'index', '2016-10-01 23:57:45', '100', null), ('37157', null, null, '127.0.0.1', '/wx/luck', null, '', '0', 'cn.weixin.song.controller.wx.WxLuckController', 'index', '2016-10-01 23:57:49', '1727', null), ('37158', null, 'http://wxsong.ngrok.cc/wx/luck?aid=1&openid=on9Wyt_X5BMMuJOE9-Rl1FbxGw7Y', '127.0.0.1', '/wx/luck/lottery', null, '', '0', 'cn.weixin.song.controller.wx.WxLuckController', 'lottery', '2016-10-01 23:58:04', '67', null), ('37159', null, 'http://wxsong.ngrok.cc/wx/luck?aid=1&openid=on9Wyt_X5BMMuJOE9-Rl1FbxGw7Y', '127.0.0.1', '/wx/luck/lottery', null, '', '0', 'cn.weixin.song.controller.wx.WxLuckController', 'lottery', '2016-10-01 23:58:05', '8', null), ('37160', null, 'http://wxsong.ngrok.cc/wx/luck?aid=1&openid=on9Wyt_X5BMMuJOE9-Rl1FbxGw7Y', '127.0.0.1', '/wx/luck/lottery', null, '', '0', 'cn.weixin.song.controller.wx.WxLuckController', 'lottery', '2016-10-01 23:58:09', '8', null), ('37161', null, null, '127.0.0.1', '/wx/luck', null, '', '0', 'cn.weixin.song.controller.wx.WxLuckController', 'index', '2016-10-01 23:58:29', '11', null), ('37162', null, null, '127.0.0.1', '/api/wx', null, '', '0', 'cn.weixin.song.controller.api.WxController', 'index', '2016-10-01 23:58:38', '14', null), ('37163', null, null, '127.0.0.1', '/wx/luck', null, '', '0', 'cn.weixin.song.controller.wx.WxLuckController', 'index', '2016-10-01 23:58:55', '10', null), ('37164', null, null, '127.0.0.1', '/api/wx', null, '', '0', 'cn.weixin.song.controller.api.WxController', 'index', '2016-10-01 23:59:22', '3', null), ('37165', null, null, '127.0.0.1', '/api/wx', null, '', '0', 'cn.weixin.song.controller.api.WxController', 'index', '2016-10-02 00:00:05', '10', null), ('37166', null, null, '127.0.0.1', '/wx/luck', null, '', '0', 'cn.weixin.song.controller.wx.WxLuckController', 'index', '2016-10-02 00:00:49', '14', null), ('37167', null, null, '127.0.0.1', '/wx/luck', null, '', '0', 'cn.weixin.song.controller.wx.WxLuckController', 'index', '2016-10-02 00:01:37', '26', null), ('37168', null, null, '127.0.0.1', '/wx/luck', null, '', '0', 'cn.weixin.song.controller.wx.WxLuckController', 'index', '2016-10-02 00:04:09', '11', null), ('37169', null, null, '127.0.0.1', '/wx/luck', null, '', '0', 'cn.weixin.song.controller.wx.WxLuckController', 'index', '2016-10-02 00:04:42', '10', null), ('37170', null, null, '127.0.0.1', '/api/wx', null, '', '0', 'cn.weixin.song.controller.api.WxController', 'index', '2016-10-02 07:41:30', '2150', null), ('37171', null, null, '127.0.0.1', '/api/wx', null, '', '0', 'cn.weixin.song.controller.api.WxController', 'index', '2016-10-02 07:41:33', '303', null), ('37172', null, null, '127.0.0.1', '/wx/luck', null, '', '0', 'cn.weixin.song.controller.wx.WxLuckController', 'index', '2016-10-02 07:41:37', '36', null), ('37173', null, null, '127.0.0.1', '/wx/luck', null, '', '0', 'cn.weixin.song.controller.wx.WxLuckController', 'index', '2016-10-02 07:43:14', '1732', null), ('37174', null, null, '127.0.0.1', '/api/wx', null, '', '0', 'cn.weixin.song.controller.api.WxController', 'index', '2016-10-02 07:43:21', '344', null), ('37175', null, null, '127.0.0.1', '/wx/luck', null, '', '0', 'cn.weixin.song.controller.wx.WxLuckController', 'index', '2016-10-02 07:43:25', '9', null), ('37176', null, 'http://wxsong.ngrok.cc/wx/luck?aid=1&openid=on9Wyt_X5BMMuJOE9-Rl1FbxGw7Y', '127.0.0.1', '/wx/luck/lottery', null, '', '0', 'cn.weixin.song.controller.wx.WxLuckController', 'lottery', '2016-10-02 07:43:28', '14', null), ('37177', null, null, '127.0.0.1', '/api/wx', null, '', '0', 'cn.weixin.song.controller.api.WxController', 'index', '2016-10-02 07:44:13', '312', null), ('37178', null, null, '127.0.0.1', '/wx/luck', null, '', '0', 'cn.weixin.song.controller.wx.WxLuckController', 'index', '2016-10-02 07:44:17', '10', null), ('37179', null, 'http://wxsong.ngrok.cc/wx/luck?aid=1&openid=on9Wyt_X5BMMuJOE9-Rl1FbxGw7Y', '127.0.0.1', '/wx/luck/lottery', null, '', '0', 'cn.weixin.song.controller.wx.WxLuckController', 'lottery', '2016-10-02 07:44:22', '8', null), ('37180', null, 'http://wxsong.ngrok.cc/wx/luck?aid=1&openid=on9Wyt_X5BMMuJOE9-Rl1FbxGw7Y', '127.0.0.1', '/wx/luck/lottery', null, '', '0', 'cn.weixin.song.controller.wx.WxLuckController', 'lottery', '2016-10-02 07:47:46', '8', null), ('37181', null, 'http://wxsong.ngrok.cc/wx/luck?aid=1&openid=on9Wyt_X5BMMuJOE9-Rl1FbxGw7Y', '127.0.0.1', '/wx/luck/lottery', null, '', '0', 'cn.weixin.song.controller.wx.WxLuckController', 'lottery', '2016-10-02 07:47:52', '9', null), ('37182', null, 'http://wxsong.ngrok.cc/wx/luck?aid=1&openid=on9Wyt_X5BMMuJOE9-Rl1FbxGw7Y', '127.0.0.1', '/wx/luck/lottery', null, '', '0', 'cn.weixin.song.controller.wx.WxLuckController', 'lottery', '2016-10-02 07:47:56', '7', null), ('37183', null, null, '127.0.0.1', '/wx/luck', null, '', '0', 'cn.weixin.song.controller.wx.WxLuckController', 'index', '2016-10-02 08:03:53', '1542', null), ('37184', null, 'http://wxsong.ngrok.cc/wx/luck?aid=1&openid=on9Wyt_X5BMMuJOE9-Rl1FbxGw7Y', '127.0.0.1', '/wx/luck/lottery', null, '', '0', 'cn.weixin.song.controller.wx.WxLuckController', 'lottery', '2016-10-02 08:04:06', '51', null), ('37185', null, null, '127.0.0.1', '/wx/luck', null, '', '0', 'cn.weixin.song.controller.wx.WxLuckController', 'index', '2016-10-02 08:05:04', '9', null), ('37186', null, 'http://wxsong.ngrok.cc/wx/luck?aid=1&openid=on9Wyt_X5BMMuJOE9-Rl1FbxGw7Y', '127.0.0.1', '/wx/luck/lottery', null, '', '0', 'cn.weixin.song.controller.wx.WxLuckController', 'lottery', '2016-10-02 08:05:06', '11', null), ('37187', null, null, '127.0.0.1', '/wx/luck', null, '', '0', 'cn.weixin.song.controller.wx.WxLuckController', 'index', '2016-10-02 08:11:32', '12', null), ('37188', null, null, '127.0.0.1', '/wx/luck', null, '', '0', 'cn.weixin.song.controller.wx.WxLuckController', 'index', '2016-10-02 08:12:31', '10', null), ('37189', null, 'http://wxsong.ngrok.cc/wx/luck?aid=1&openid=on9Wyt_X5BMMuJOE9-Rl1FbxGw7Y', '127.0.0.1', '/wx/luck/lottery', null, '', '0', 'cn.weixin.song.controller.wx.WxLuckController', 'lottery', '2016-10-02 08:12:40', '13', null), ('37190', null, null, '127.0.0.1', '/wx/luck', null, '', '0', 'cn.weixin.song.controller.wx.WxLuckController', 'index', '2016-10-02 08:12:56', '10', null), ('37191', null, null, '127.0.0.1', '/wx/luck', null, '', '0', 'cn.weixin.song.controller.wx.WxLuckController', 'index', '2016-10-02 08:15:35', '12', null), ('37192', null, 'http://wxsong.ngrok.cc/wx/luck?aid=1&openid=on9Wyt_X5BMMuJOE9-Rl1FbxGw7Y', '127.0.0.1', '/wx/luck/lottery', null, '', '0', 'cn.weixin.song.controller.wx.WxLuckController', 'lottery', '2016-10-02 08:15:37', '14', null), ('37193', null, null, '127.0.0.1', '/wx/luck', null, '', '0', 'cn.weixin.song.controller.wx.WxLuckController', 'index', '2016-10-02 08:21:43', '10', null), ('37194', null, null, '127.0.0.1', '/api/wx', null, '', '0', 'cn.weixin.song.controller.api.WxController', 'index', '2016-10-02 08:22:55', '31', null), ('37195', null, null, '127.0.0.1', '/api/wx', null, '', '0', 'cn.weixin.song.controller.api.WxController', 'index', '2016-10-02 08:31:58', '39', null), ('37196', null, null, '127.0.0.1', '/wx/luck', null, '', '0', 'cn.weixin.song.controller.wx.WxLuckController', 'index', '2016-10-02 09:46:00', '22', null), ('37197', null, 'http://wxsong.ngrok.cc/wx/luck?aid=1&openid=on9Wyt_X5BMMuJOE9-Rl1FbxGw7Y', '127.0.0.1', '/wx/luck/lottery', null, '', '0', 'cn.weixin.song.controller.wx.WxLuckController', 'lottery', '2016-10-02 09:46:02', '13', null), ('37198', null, null, '127.0.0.1', '/wx/luck', null, '', '0', 'cn.weixin.song.controller.wx.WxLuckController', 'index', '2016-10-02 09:48:05', '13', null), ('37199', null, 'http://wxsong.ngrok.cc/wx/luck?aid=1&openid=on9Wyt_X5BMMuJOE9-Rl1FbxGw7Y', '127.0.0.1', '/wx/luck/lottery', null, '', '0', 'cn.weixin.song.controller.wx.WxLuckController', 'lottery', '2016-10-02 09:48:08', '12', null), ('37200', null, null, '127.0.0.1', '/wx/luck', null, '', '0', 'cn.weixin.song.controller.wx.WxLuckController', 'index', '2016-10-02 10:30:59', '617', null), ('37201', null, 'http://wxsong.ngrok.cc/wx/luck?aid=1&openid=on9Wyt_X5BMMuJOE9-Rl1FbxGw7Y', '127.0.0.1', '/wx/luck/lottery', null, '', '0', 'cn.weixin.song.controller.wx.WxLuckController', 'lottery', '2016-10-02 10:32:54', '15', null), ('37202', null, null, '127.0.0.1', '/wx/luck', null, '', '0', 'cn.weixin.song.controller.wx.WxLuckController', 'index', '2016-10-02 10:34:45', '10', null), ('37203', null, 'http://wxsong.ngrok.cc/wx/luck?aid=1&openid=on9Wyt_X5BMMuJOE9-Rl1FbxGw7Y', '127.0.0.1', '/wx/luck/lottery', null, '', '0', 'cn.weixin.song.controller.wx.WxLuckController', 'lottery', '2016-10-02 10:36:08', '14', null), ('37204', null, null, '127.0.0.1', '/wx/luck', null, '', '0', 'cn.weixin.song.controller.wx.WxLuckController', 'index', '2016-10-02 11:08:52', '24', null), ('37205', null, 'http://wxsong.ngrok.cc/wx/luck?aid=1&openid=on9Wyt_X5BMMuJOE9-Rl1FbxGw7Y', '127.0.0.1', '/wx/luck/lottery', null, '', '0', 'cn.weixin.song.controller.wx.WxLuckController', 'lottery', '2016-10-02 11:08:59', '13', null), ('37206', null, null, '127.0.0.1', '/wx/luck', null, '', '0', 'cn.weixin.song.controller.wx.WxLuckController', 'index', '2016-10-02 11:12:08', '1818', null), ('37207', null, null, '127.0.0.1', '/wx/luck', null, '', '0', 'cn.weixin.song.controller.wx.WxLuckController', 'index', '2016-10-02 11:13:30', '10', null), ('37208', null, null, '127.0.0.1', '/wx/luck', null, '', '0', 'cn.weixin.song.controller.wx.WxLuckController', 'index', '2016-10-02 11:14:39', '1448', null), ('37209', null, 'http://wxsong.ngrok.cc/wx/luck?aid=1&openid=on9Wyt_X5BMMuJOE9-Rl1FbxGw7Y', '127.0.0.1', '/wx/luck/lottery', null, '', '0', 'cn.weixin.song.controller.wx.WxLuckController', 'lottery', '2016-10-02 11:14:44', '81', null), ('37210', null, null, '127.0.0.1', '/wx/luck', null, '', '0', 'cn.weixin.song.controller.wx.WxLuckController', 'index', '2016-10-02 11:15:38', '12', null), ('37211', null, 'http://wxsong.ngrok.cc/wx/luck?aid=1&openid=on9Wyt_X5BMMuJOE9-Rl1FbxGw7Y', '127.0.0.1', '/wx/luck/lottery', null, '', '0', 'cn.weixin.song.controller.wx.WxLuckController', 'lottery', '2016-10-02 11:15:40', '13', null), ('37212', null, null, '127.0.0.1', '/wx/luck', null, '', '0', 'cn.weixin.song.controller.wx.WxLuckController', 'index', '2016-10-02 11:17:38', '30', null), ('37213', null, 'http://wxsong.ngrok.cc/wx/luck?aid=1&openid=on9Wyt_X5BMMuJOE9-Rl1FbxGw7Y', '127.0.0.1', '/wx/luck/lottery', null, '', '0', 'cn.weixin.song.controller.wx.WxLuckController', 'lottery', '2016-10-02 11:17:40', '13', null), ('37214', null, 'http://wxsong.ngrok.cc/wx/luck?aid=1&openid=on9Wyt_X5BMMuJOE9-Rl1FbxGw7Y', '127.0.0.1', '/wx/luck/submitInfo', null, '', '0', 'cn.weixin.song.controller.wx.WxLuckController', 'submitInfo', '2016-10-02 11:17:53', '20', null), ('37215', null, null, '127.0.0.1', '/wx/luck', null, '', '0', 'cn.weixin.song.controller.wx.WxLuckController', 'index', '2016-10-02 11:52:43', '1776', null), ('37216', null, 'http://wxsong.ngrok.cc/wx/luck?aid=1&openid=on9Wyt_X5BMMuJOE9-Rl1FbxGw7Y', '127.0.0.1', '/wx/luck/lottery', null, '', '0', 'cn.weixin.song.controller.wx.WxLuckController', 'lottery', '2016-10-02 11:52:54', '109', null), ('37217', null, 'http://wxsong.ngrok.cc/wx/luck?aid=1&openid=on9Wyt_X5BMMuJOE9-Rl1FbxGw7Y', '127.0.0.1', '/wx/luck/submitInfo', null, '', '0', 'cn.weixin.song.controller.wx.WxLuckController', 'submitInfo', '2016-10-02 11:53:10', '16', null), ('37218', null, null, '127.0.0.1', '/wx/luck', null, '', '0', 'cn.weixin.song.controller.wx.WxLuckController', 'index', '2016-10-02 11:53:16', '12', null), ('37219', null, 'http://wxsong.ngrok.cc/wx/luck?aid=1&openid=on9Wyt_X5BMMuJOE9-Rl1FbxGw7Y', '127.0.0.1', '/wx/luck/lottery', null, '', '0', 'cn.weixin.song.controller.wx.WxLuckController', 'lottery', '2016-10-02 11:53:18', '10', null), ('37220', null, 'http://wxsong.ngrok.cc/wx/luck?aid=1&openid=on9Wyt_X5BMMuJOE9-Rl1FbxGw7Y', '127.0.0.1', '/wx/luck/lottery', null, '', '0', 'cn.weixin.song.controller.wx.WxLuckController', 'lottery', '2016-10-02 11:53:21', '10', null), ('37221', null, 'http://wxsong.ngrok.cc/wx/luck?aid=1&openid=on9Wyt_X5BMMuJOE9-Rl1FbxGw7Y', '127.0.0.1', '/wx/luck/lottery', null, '', '0', 'cn.weixin.song.controller.wx.WxLuckController', 'lottery', '2016-10-02 11:53:24', '8', null), ('37222', null, 'http://wxsong.ngrok.cc/wx/luck?aid=1&openid=on9Wyt_X5BMMuJOE9-Rl1FbxGw7Y', '127.0.0.1', '/wx/luck/lottery', null, '', '0', 'cn.weixin.song.controller.wx.WxLuckController', 'lottery', '2016-10-02 11:53:28', '10', null), ('37223', null, 'http://wxsong.ngrok.cc/wx/luck?aid=1&openid=on9Wyt_X5BMMuJOE9-Rl1FbxGw7Y', '127.0.0.1', '/wx/luck/lottery', null, '', '0', 'cn.weixin.song.controller.wx.WxLuckController', 'lottery', '2016-10-02 12:03:12', '16', null), ('37224', null, null, '127.0.0.1', '/wx/luck', null, '', '0', 'cn.weixin.song.controller.wx.WxLuckController', 'index', '2016-10-02 16:06:32', '1796', null), ('37225', null, 'http://wxsong.ngrok.cc/wx/luck?aid=1&openid=on9Wyt_X5BMMuJOE9-Rl1FbxGw7Y', '127.0.0.1', '/wx/luck/share', null, '', '0', 'cn.weixin.song.controller.wx.WxLuckController', 'share', '2016-10-02 16:06:50', '75', null), ('37226', null, 'http://wxsong.ngrok.cc/wx/luck?aid=1&openid=on9Wyt_X5BMMuJOE9-Rl1FbxGw7Y', '127.0.0.1', '/wx/luck/lottery', null, '', '0', 'cn.weixin.song.controller.wx.WxLuckController', 'lottery', '2016-10-02 16:06:58', '48', null), ('37227', null, null, '127.0.0.1', '/wx/luck', null, '', '0', 'cn.weixin.song.controller.wx.WxLuckController', 'index', '2016-10-02 16:07:10', '10', null), ('37228', null, 'http://wxsong.ngrok.cc/wx/luck?aid=1&openid=on9Wyt_X5BMMuJOE9-Rl1FbxGw7Y', '127.0.0.1', '/wx/luck/lottery', null, '', '0', 'cn.weixin.song.controller.wx.WxLuckController', 'lottery', '2016-10-02 16:07:12', '10', null), ('37229', null, 'http://wxsong.ngrok.cc/wx/luck?aid=1&openid=on9Wyt_X5BMMuJOE9-Rl1FbxGw7Y', '127.0.0.1', '/wx/luck/lottery', null, '', '0', 'cn.weixin.song.controller.wx.WxLuckController', 'lottery', '2016-10-02 16:07:15', '10', null), ('37230', null, 'http://wxsong.ngrok.cc/login', '127.0.0.1', '/image/getCode', null, '', '0', 'com.jcbase.controller.ImageController', 'getCode', '2016-10-02 16:07:25', '1558', null), ('37231', null, null, '127.0.0.1', '/wx/luck', null, '', '0', 'cn.weixin.song.controller.wx.WxLuckController', 'index', '2016-10-02 16:09:35', '11', null), ('37232', null, 'http://wxsong.ngrok.cc/wx/luck?aid=1&openid=on9Wyt_X5BMMuJOE9-Rl1FbxGw7Y', '127.0.0.1', '/wx/luck/share', null, '', '0', 'cn.weixin.song.controller.wx.WxLuckController', 'share', '2016-10-02 16:09:41', '20', null), ('37233', null, 'http://wxsong.ngrok.cc/wx/luck?aid=1&openid=on9Wyt_X5BMMuJOE9-Rl1FbxGw7Y', '127.0.0.1', '/wx/luck/share', null, '', '0', 'cn.weixin.song.controller.wx.WxLuckController', 'share', '2016-10-02 16:09:53', '20', null), ('37234', null, null, '127.0.0.1', '/wx/luck', null, '', '0', 'cn.weixin.song.controller.wx.WxLuckController', 'index', '2016-10-02 16:11:51', '10', null), ('37235', null, 'http://wxsong.ngrok.cc/wx/luck?aid=1&openid=on9Wyt_X5BMMuJOE9-Rl1FbxGw7Y', '127.0.0.1', '/wx/luck/share', null, '', '0', 'cn.weixin.song.controller.wx.WxLuckController', 'share', '2016-10-02 16:11:56', '18', null), ('37236', null, null, '127.0.0.1', '/wx/luck', null, '', '0', 'cn.weixin.song.controller.wx.WxLuckController', 'index', '2016-10-02 16:13:03', '2233', null), ('37237', null, 'http://wxsong.ngrok.cc/wx/luck?aid=1&from=singlemessage&isappinstalled=0', '127.0.0.1', '/wx/luck/lottery', null, '', '0', 'cn.weixin.song.controller.wx.WxLuckController', 'lottery', '2016-10-02 16:13:09', '40', null), ('37238', null, 'http://wxsong.ngrok.cc/wx/luck?aid=1&from=singlemessage&isappinstalled=0', '127.0.0.1', '/wx/luck/lottery', null, '', '0', 'cn.weixin.song.controller.wx.WxLuckController', 'lottery', '2016-10-02 16:13:12', '7', null), ('37239', null, null, '127.0.0.1', '/wx/luck', null, '', '0', 'cn.weixin.song.controller.wx.WxLuckController', 'index', '2016-10-02 16:15:09', '11', null), ('37240', null, null, '127.0.0.1', '/wx/luck', null, '', '0', 'cn.weixin.song.controller.wx.WxLuckController', 'index', '2016-10-02 16:18:20', '15', null), ('37241', null, null, '127.0.0.1', '/wx/luck', null, '', '0', 'cn.weixin.song.controller.wx.WxLuckController', 'index', '2016-10-02 16:25:36', '1547', null), ('37242', null, 'http://wxsong.ngrok.cc/wx/luck?aid=1&openid=on9Wyt_X5BMMuJOE9-Rl1FbxGw7Y', '127.0.0.1', '/wx/luck/share', null, '', '0', 'cn.weixin.song.controller.wx.WxLuckController', 'share', '2016-10-02 16:25:54', '54', null), ('37243', null, null, '127.0.0.1', '/wx/luck', null, '', '0', 'cn.weixin.song.controller.wx.WxLuckController', 'index', '2016-10-02 16:25:59', '10', null), ('37244', null, null, '127.0.0.1', '/wx/luck', null, '', '0', 'cn.weixin.song.controller.wx.WxLuckController', 'index', '2016-10-02 16:42:52', '1733', null), ('37245', null, null, '127.0.0.1', '/wx/luck', null, '', '0', 'cn.weixin.song.controller.wx.WxLuckController', 'index', '2016-10-02 16:43:16', '13', null), ('37246', null, null, '127.0.0.1', '/wx/luck', null, '', '0', 'cn.weixin.song.controller.wx.WxLuckController', 'index', '2016-10-02 16:43:38', '12', null), ('37247', null, null, '127.0.0.1', '/wx/luck', null, '', '0', 'cn.weixin.song.controller.wx.WxLuckController', 'index', '2016-10-02 16:44:18', '2', null), ('37248', null, null, '127.0.0.1', '/wx/luck', null, '', '0', 'cn.weixin.song.controller.wx.WxLuckController', 'index', '2016-10-02 16:44:38', '0', null), ('37249', null, null, '127.0.0.1', '/wx/luck', null, '', '0', 'cn.weixin.song.controller.wx.WxLuckController', 'index', '2016-10-02 16:44:38', '0', null), ('37250', null, null, '127.0.0.1', '/wx/luck', null, '', '0', 'cn.weixin.song.controller.wx.WxLuckController', 'index', '2016-10-02 17:01:26', '1835', null), ('37251', null, null, '127.0.0.1', '/wx/coupon', null, '', '0', 'cn.weixin.song.controller.wx.WxCouponController', 'index', '2016-10-02 17:02:02', '0', null), ('37252', null, null, '127.0.0.1', '/wx/coupon', null, '', '0', 'cn.weixin.song.controller.wx.WxCouponController', 'index', '2016-10-02 17:02:21', '0', null), ('37253', null, null, '127.0.0.1', '/api/wx', null, '', '0', 'cn.weixin.song.controller.api.WxController', 'index', '2016-10-02 17:02:38', '47', null), ('37254', null, null, '127.0.0.1', '/wx/coupon', null, '', '0', 'cn.weixin.song.controller.wx.WxCouponController', 'index', '2016-10-02 17:02:42', '89', null), ('37255', null, null, '127.0.0.1', '/wx/coupon', null, '', '0', 'cn.weixin.song.controller.wx.WxCouponController', 'index', '2016-10-02 17:03:56', '23', null), ('37256', null, null, '127.0.0.1', '/wx/coupon', null, '', '0', 'cn.weixin.song.controller.wx.WxCouponController', 'index', '2016-10-02 17:05:14', '0', null), ('37257', null, null, '127.0.0.1', '/wx/coupon', null, '', '0', 'cn.weixin.song.controller.wx.WxCouponController', 'index', '2016-10-02 17:08:23', '0', null), ('37258', null, null, '127.0.0.1', '/wx/coupon', null, '', '0', 'cn.weixin.song.controller.wx.WxCouponController', 'index', '2016-10-02 17:10:40', '28', null), ('37259', null, null, '127.0.0.1', '/wx/coupon', null, '', '0', 'cn.weixin.song.controller.wx.WxCouponController', 'index', '2016-10-02 17:12:34', '12', null), ('37260', null, null, '127.0.0.1', '/wx/luck', null, '', '0', 'cn.weixin.song.controller.wx.WxLuckController', 'index', '2016-10-02 17:15:04', '12', null), ('37261', null, 'http://wxsong.ngrok.cc/wx/luck?aid=1&openid=on9Wyt_X5BMMuJOE9-Rl1FbxGw7Y', '127.0.0.1', '/wx/luck/lottery', null, '', '0', 'cn.weixin.song.controller.wx.WxLuckController', 'lottery', '2016-10-02 17:15:10', '55', null), ('37262', null, null, '127.0.0.1', '/wx/coupon', null, '', '0', 'cn.weixin.song.controller.wx.WxCouponController', 'index', '2016-10-02 17:15:54', '11', null), ('37263', null, null, '127.0.0.1', '/wx/luck', null, '', '0', 'cn.weixin.song.controller.wx.WxLuckController', 'index', '2016-10-02 17:16:43', '10', null), ('37264', null, null, '127.0.0.1', '/wx/coupon', null, '', '0', 'cn.weixin.song.controller.wx.WxCouponController', 'index', '2016-10-02 17:17:05', '12', null), ('37265', null, null, '127.0.0.1', '/wx/coupon', null, '', '0', 'cn.weixin.song.controller.wx.WxCouponController', 'index', '2016-10-02 17:19:21', '11', null), ('37266', null, null, '127.0.0.1', '/wx/luck', null, '', '0', 'cn.weixin.song.controller.wx.WxLuckController', 'index', '2016-10-02 17:36:40', '13', null), ('37267', null, 'http://wxsong.ngrok.cc/wx/luck?aid=1&openid=on9Wyt_X5BMMuJOE9-Rl1FbxGw7Y', '127.0.0.1', '/wx/luck/lottery', null, '', '0', 'cn.weixin.song.controller.wx.WxLuckController', 'lottery', '2016-10-02 17:36:51', '10', null), ('37268', null, 'http://wxsong.ngrok.cc/wx/luck?aid=1&openid=on9Wyt_X5BMMuJOE9-Rl1FbxGw7Y', '127.0.0.1', '/wx/luck/lottery', null, '', '0', 'cn.weixin.song.controller.wx.WxLuckController', 'lottery', '2016-10-02 17:36:55', '11', null), ('37269', null, null, '127.0.0.1', '/wx/luck', null, '', '0', 'cn.weixin.song.controller.wx.WxLuckController', 'index', '2016-10-02 17:39:35', '11', null), ('37270', null, 'http://wxsong.ngrok.cc/wx/luck?aid=1&openid=on9Wyt_X5BMMuJOE9-Rl1FbxGw7Y', '127.0.0.1', '/wx/luck/lottery', null, '', '0', 'cn.weixin.song.controller.wx.WxLuckController', 'lottery', '2016-10-02 17:39:37', '10', null), ('37271', null, null, '127.0.0.1', '/wx/coupon', null, '', '0', 'cn.weixin.song.controller.wx.WxCouponController', 'index', '2016-10-02 18:22:18', '1890', null), ('37272', null, null, '127.0.0.1', '/wx/coupon', null, '', '0', 'cn.weixin.song.controller.wx.WxCouponController', 'index', '2016-10-02 18:31:20', '2728', null), ('37273', null, 'http://wxsong.ngrok.cc/wx/coupon?openid=on9Wyt_X5BMMuJOE9-Rl1FbxGw7Y&appId=1', '127.0.0.1', '/wx/coupon/qrcode', null, '', '0', 'cn.weixin.song.controller.wx.WxCouponController', 'qrcode', '2016-10-02 18:31:28', '560', null), ('37274', null, null, '127.0.0.1', '/api/wx', null, '', '0', 'cn.weixin.song.controller.api.WxController', 'index', '2016-10-02 21:29:05', '178', null), ('37275', null, null, '127.0.0.1', '/api/wx', null, '', '0', 'cn.weixin.song.controller.api.WxController', 'index', '2016-10-02 21:29:38', '15', null), ('37276', null, null, '127.0.0.1', '/api/wx', null, '', '0', 'cn.weixin.song.controller.api.WxController', 'index', '2016-10-02 21:32:28', '196', null), ('37277', null, null, '127.0.0.1', '/api/wx', null, '', '0', 'cn.weixin.song.controller.api.WxController', 'index', '2016-10-02 21:32:30', '14', null), ('37278', null, null, '127.0.0.1', '/api/wx', null, '', '0', 'cn.weixin.song.controller.api.WxController', 'index', '2016-10-02 21:32:33', '11', null), ('37279', null, null, '127.0.0.1', '/api/wx', null, '', '0', 'cn.weixin.song.controller.api.WxController', 'index', '2016-10-02 21:32:36', '14', null), ('37280', null, null, '127.0.0.1', '/wx/coupon', null, '', '0', 'cn.weixin.song.controller.wx.WxCouponController', 'index', '2016-10-02 21:32:44', '2172', null), ('37281', null, null, '127.0.0.1', '/api/wx', null, '', '0', 'cn.weixin.song.controller.api.WxController', 'index', '2016-10-02 21:33:12', '137', null), ('37282', null, null, '127.0.0.1', '/api/wx', null, '', '0', 'cn.weixin.song.controller.api.WxController', 'index', '2016-10-02 21:35:03', '25', null), ('37283', null, null, '127.0.0.1', '/api/wx', null, '', '0', 'cn.weixin.song.controller.api.WxController', 'index', '2016-10-02 21:35:04', '13', null), ('37284', null, null, '127.0.0.1', '/wx/coupon', null, '', '0', 'cn.weixin.song.controller.wx.WxCouponController', 'index', '2016-10-02 21:50:37', '1492', null), ('37285', null, 'http://wxsong.ngrok.cc/wx/coupon?openid=on9Wyt_X5BMMuJOE9-Rl1FbxGw7Y&appId=1', '127.0.0.1', '/wx/coupon/qrcode', null, '', '0', 'cn.weixin.song.controller.wx.WxCouponController', 'qrcode', '2016-10-02 21:50:46', '991', null), ('37286', null, 'http://wxsong.ngrok.cc/wx/coupon?openid=on9Wyt_X5BMMuJOE9-Rl1FbxGw7Y&appId=1', '127.0.0.1', '/wx/coupon/qrcode', null, '', '0', 'cn.weixin.song.controller.wx.WxCouponController', 'qrcode', '2016-10-02 21:50:52', '64', null), ('37287', null, null, '127.0.0.1', '/wx/coupon/check_view', null, '', '0', 'cn.weixin.song.controller.wx.WxCouponController', 'check_view', '2016-10-02 21:50:53', '15', null), ('37288', null, null, '127.0.0.1', '/wx/coupon/check_view', null, '', '0', 'cn.weixin.song.controller.wx.WxCouponController', 'check_view', '2016-10-02 21:51:24', '3', null), ('37289', null, null, '127.0.0.1', '/wx/coupon/check_view', null, '', '0', 'cn.weixin.song.controller.wx.WxCouponController', 'check_view', '2016-10-02 21:51:50', '18', null), ('37290', null, null, '127.0.0.1', '/wx/coupon', null, '', '0', 'cn.weixin.song.controller.wx.WxCouponController', 'index', '2016-10-02 21:55:55', '2220', null), ('37291', null, null, '127.0.0.1', '/wx/coupon', null, '', '0', 'cn.weixin.song.controller.wx.WxCouponController', 'index', '2016-10-02 21:56:14', '12', null), ('37292', null, 'http://wxsong.ngrok.cc/wx/coupon?openid=on9Wyt_X5BMMuJOE9-Rl1FbxGw7Y&appId=1', '127.0.0.1', '/wx/coupon/qrcode', null, '', '0', 'cn.weixin.song.controller.wx.WxCouponController', 'qrcode', '2016-10-02 21:56:31', '447', null), ('37293', null, 'http://wxsong.ngrok.cc/wx/coupon?openid=on9Wyt_X5BMMuJOE9-Rl1FbxGw7Y&appId=1', '127.0.0.1', '/wx/coupon/qrcode', null, '', '0', 'cn.weixin.song.controller.wx.WxCouponController', 'qrcode', '2016-10-02 21:56:38', '63', null), ('37294', null, null, '127.0.0.1', '/wx/coupon/check_view', null, '', '0', 'cn.weixin.song.controller.wx.WxCouponController', 'check_view', '2016-10-02 21:56:41', '6', null), ('37295', null, 'http://wxsong.ngrok.cc/wx/coupon/check_view/14753956188050', '127.0.0.1', '/wx/coupon/check', null, '', '0', 'cn.weixin.song.controller.wx.WxCouponController', 'check', '2016-10-02 21:57:02', '42', null), ('37296', null, null, '127.0.0.1', '/wx/coupon/check_view', null, '', '0', 'cn.weixin.song.controller.wx.WxCouponController', 'check_view', '2016-10-02 21:57:19', '2', null), ('37297', null, 'http://wxsong.ngrok.cc/wx/coupon?openid=on9Wyt_X5BMMuJOE9-Rl1FbxGw7Y&appId=1', '127.0.0.1', '/wx/coupon/qrcode', null, '', '0', 'cn.weixin.song.controller.wx.WxCouponController', 'qrcode', '2016-10-02 21:57:22', '31', null), ('37298', null, null, '127.0.0.1', '/wx/coupon/check_view', null, '', '0', 'cn.weixin.song.controller.wx.WxCouponController', 'check_view', '2016-10-02 21:57:27', '3', null), ('37299', null, null, '127.0.0.1', '/api/wx', null, '', '0', 'cn.weixin.song.controller.api.WxController', 'index', '2016-10-03 08:02:46', '227', null), ('37300', null, null, '127.0.0.1', '/wx/luck', null, '', '0', 'cn.weixin.song.controller.wx.WxLuckController', 'index', '2016-10-03 08:02:50', '1768', null), ('37301', null, 'http://wxsong.ngrok.cc/wx/luck?aid=1&openid=on9Wyt_X5BMMuJOE9-Rl1FbxGw7Y', '127.0.0.1', '/wx/luck/lottery', null, '', '0', 'cn.weixin.song.controller.wx.WxLuckController', 'lottery', '2016-10-03 08:03:02', '32', null), ('37302', null, 'http://wxsong.ngrok.cc/wx/luck?aid=1&openid=on9Wyt_X5BMMuJOE9-Rl1FbxGw7Y', '127.0.0.1', '/wx/luck/lottery', null, '', '0', 'cn.weixin.song.controller.wx.WxLuckController', 'lottery', '2016-10-03 08:03:05', '13', null), ('37303', null, 'http://wxsong.ngrok.cc/wx/luck?aid=1&openid=on9Wyt_X5BMMuJOE9-Rl1FbxGw7Y', '127.0.0.1', '/wx/luck/lottery', null, '', '0', 'cn.weixin.song.controller.wx.WxLuckController', 'lottery', '2016-10-03 08:03:16', '16', null), ('37304', null, 'http://wxsong.ngrok.cc/wx/luck?aid=1&openid=on9Wyt_X5BMMuJOE9-Rl1FbxGw7Y', '127.0.0.1', '/wx/luck/share', null, '', '0', 'cn.weixin.song.controller.wx.WxLuckController', 'share', '2016-10-03 08:03:26', '27', null), ('37305', null, null, '127.0.0.1', '/wx/luck', null, '', '0', 'cn.weixin.song.controller.wx.WxLuckController', 'index', '2016-10-03 08:03:32', '10', null), ('37306', null, 'http://wxsong.ngrok.cc/wx/luck?aid=1&openid=on9Wyt_X5BMMuJOE9-Rl1FbxGw7Y', '127.0.0.1', '/wx/luck/lottery', null, '', '0', 'cn.weixin.song.controller.wx.WxLuckController', 'lottery', '2016-10-03 08:03:40', '34', null), ('37307', null, null, '127.0.0.1', '/wx/coupon', null, '', '0', 'cn.weixin.song.controller.wx.WxCouponController', 'index', '2016-10-03 08:03:58', '29', null), ('37308', null, 'http://wxsong.ngrok.cc/wx/coupon?openid=on9Wyt_X5BMMuJOE9-Rl1FbxGw7Y&appId=1', '127.0.0.1', '/wx/coupon/qrcode', null, '', '0', 'cn.weixin.song.controller.wx.WxCouponController', 'qrcode', '2016-10-03 08:04:15', '527', null), ('37309', null, 'http://wxsong.ngrok.cc/wx/coupon?openid=on9Wyt_X5BMMuJOE9-Rl1FbxGw7Y&appId=1', '127.0.0.1', '/wx/coupon/qrcode', null, '', '0', 'cn.weixin.song.controller.wx.WxCouponController', 'qrcode', '2016-10-03 08:04:18', '63', null), ('37310', null, null, '127.0.0.1', '/wx/coupon/check_view', null, '', '0', 'cn.weixin.song.controller.wx.WxCouponController', 'check_view', '2016-10-03 08:04:20', '9', null), ('37311', null, 'http://wxsong.ngrok.cc/wx/coupon/check_view/14754530207370', '127.0.0.1', '/wx/coupon/check', null, '', '0', 'cn.weixin.song.controller.wx.WxCouponController', 'check', '2016-10-03 08:04:28', '26', null), ('37312', null, 'http://wxsong.ngrok.cc/wx/coupon/check_view/14754530207370', '127.0.0.1', '/wx/coupon/check', null, '', '0', 'cn.weixin.song.controller.wx.WxCouponController', 'check', '2016-10-03 08:04:33', '9', null), ('37313', null, null, '127.0.0.1', '/wx/coupon/check_view', null, '', '0', 'cn.weixin.song.controller.wx.WxCouponController', 'check_view', '2016-10-03 08:07:30', '15', null), ('37314', null, null, '127.0.0.1', '/wx/luck', null, '', '0', 'cn.weixin.song.controller.wx.WxLuckController', 'index', '2016-10-03 08:14:29', '21', null), ('37315', null, 'http://wxsong.ngrok.cc/wx/luck?aid=1&openid=on9Wyt_X5BMMuJOE9-Rl1FbxGw7Y', '127.0.0.1', '/wx/luck/lottery', null, '', '0', 'cn.weixin.song.controller.wx.WxLuckController', 'lottery', '2016-10-03 08:14:41', '19', null), ('37316', null, 'http://wxsong.ngrok.cc/wx/luck?aid=1&openid=on9Wyt_X5BMMuJOE9-Rl1FbxGw7Y', '127.0.0.1', '/wx/luck/lottery', null, '', '0', 'cn.weixin.song.controller.wx.WxLuckController', 'lottery', '2016-10-03 08:14:55', '13', null), ('37317', null, 'http://wxsong.ngrok.cc/wx/luck?aid=1&openid=on9Wyt_X5BMMuJOE9-Rl1FbxGw7Y', '127.0.0.1', '/wx/luck/lottery', null, '', '0', 'cn.weixin.song.controller.wx.WxLuckController', 'lottery', '2016-10-03 08:15:05', '13', null), ('37318', null, 'http://wxsong.ngrok.cc/wx/luck?aid=1&openid=on9Wyt_X5BMMuJOE9-Rl1FbxGw7Y', '127.0.0.1', '/wx/luck/lottery', null, '', '0', 'cn.weixin.song.controller.wx.WxLuckController', 'lottery', '2016-10-03 08:15:31', '12', null), ('37319', null, 'http://wxsong.ngrok.cc/wx/luck?aid=1&openid=on9Wyt_X5BMMuJOE9-Rl1FbxGw7Y', '127.0.0.1', '/wx/luck/lottery', null, '', '0', 'cn.weixin.song.controller.wx.WxLuckController', 'lottery', '2016-10-03 08:15:36', '13', null), ('37320', null, 'http://wxsong.ngrok.cc/wx/luck?aid=1&openid=on9Wyt_X5BMMuJOE9-Rl1FbxGw7Y', '127.0.0.1', '/wx/luck/share', null, '', '0', 'cn.weixin.song.controller.wx.WxLuckController', 'share', '2016-10-03 08:16:44', '37', null), ('37321', null, null, '127.0.0.1', '/wx/luck', null, '', '0', 'cn.weixin.song.controller.wx.WxLuckController', 'index', '2016-10-03 08:16:55', '22', null), ('37322', null, 'http://wxsong.ngrok.cc/wx/luck?aid=1&from=singlemessage&isappinstalled=0', '127.0.0.1', '/wx/luck/lottery', null, '', '0', 'cn.weixin.song.controller.wx.WxLuckController', 'lottery', '2016-10-03 08:16:57', '26', null), ('37323', null, 'http://wxsong.ngrok.cc/wx/luck?aid=1&from=singlemessage&isappinstalled=0', '127.0.0.1', '/wx/luck/lottery', null, '', '0', 'cn.weixin.song.controller.wx.WxLuckController', 'lottery', '2016-10-03 08:17:00', '8', null), ('37324', null, 'http://wxsong.ngrok.cc/wx/luck?aid=1&from=singlemessage&isappinstalled=0', '127.0.0.1', '/wx/luck/lottery', null, '', '0', 'cn.weixin.song.controller.wx.WxLuckController', 'lottery', '2016-10-03 08:24:36', '23', null), ('37325', null, null, '127.0.0.1', '/wx/luck', null, '', '0', 'cn.weixin.song.controller.wx.WxLuckController', 'index', '2016-10-03 08:24:36', '25', null), ('37326', null, 'http://wxsong.ngrok.cc/wx/luck?aid=1&from=singlemessage&isappinstalled=0', '127.0.0.1', '/wx/luck/lottery', null, '', '0', 'cn.weixin.song.controller.wx.WxLuckController', 'lottery', '2016-10-03 08:24:40', '9', null), ('37327', null, 'http://wxsong.ngrok.cc/login', '127.0.0.1', '/image/getCode', null, '', '0', 'com.jcbase.controller.ImageController', 'getCode', '2016-10-03 08:42:48', '2035', null), ('37328', '1', 'http://wxsong.ngrok.cc/', '127.0.0.1', '/activity/luck', null, '', '0', 'cn.weixin.song.controller.admin.ActivityLuckController', 'index', '2016-10-03 08:43:48', '1', null), ('37329', '1', 'http://wxsong.ngrok.cc/activity/luck', '127.0.0.1', '/activity/luck/getListData', null, '', '0', 'cn.weixin.song.controller.admin.ActivityLuckController', 'getListData', '2016-10-03 08:43:49', '16', null), ('37330', '1', 'http://wxsong.ngrok.cc/activity/luck', '127.0.0.1', '/activity/user_play', null, '', '0', 'cn.weixin.song.controller.admin.ActivityUserPlayController', 'index', '2016-10-03 08:43:55', '0', null), ('37331', '1', 'http://wxsong.ngrok.cc/', '127.0.0.1', '/activity/luck', null, '', '0', 'cn.weixin.song.controller.admin.ActivityLuckController', 'index', '2016-10-03 08:44:54', '1', null), ('37332', '1', 'http://wxsong.ngrok.cc/activity/luck', '127.0.0.1', '/activity/luck/getListData', null, '', '0', 'cn.weixin.song.controller.admin.ActivityLuckController', 'getListData', '2016-10-03 08:44:55', '11', null), ('37333', '1', 'http://wxsong.ngrok.cc/activity/luck', '127.0.0.1', '/activity/user_play', null, '', '0', 'cn.weixin.song.controller.admin.ActivityUserPlayController', 'index', '2016-10-03 08:44:56', '0', null), ('37334', null, 'http://wxsong.ngrok.cc/login', '127.0.0.1', '/image/getCode', null, '', '0', 'com.jcbase.controller.ImageController', 'getCode', '2016-10-03 08:44:59', '34', null), ('37335', null, 'http://wxsong.ngrok.cc/login', '127.0.0.1', '/image/getCode', null, '', '0', 'com.jcbase.controller.ImageController', 'getCode', '2016-10-03 08:45:29', '1337', null), ('37336', null, 'http://wxsong.ngrok.cc/login', '127.0.0.1', '/image/getCode', null, '', '0', 'com.jcbase.controller.ImageController', 'getCode', '2016-10-03 08:45:34', '22', null), ('37337', '1', 'http://wxsong.ngrok.cc/', '127.0.0.1', '/activity/luck', null, '', '0', 'cn.weixin.song.controller.admin.ActivityLuckController', 'index', '2016-10-03 08:45:53', '0', null), ('37338', '1', 'http://wxsong.ngrok.cc/activity/luck', '127.0.0.1', '/activity/luck/getListData', null, '', '0', 'cn.weixin.song.controller.admin.ActivityLuckController', 'getListData', '2016-10-03 08:45:55', '13', null), ('37339', '1', 'http://wxsong.ngrok.cc/activity/luck', '127.0.0.1', '/activity/user_play', null, '', '0', 'cn.weixin.song.controller.admin.ActivityUserPlayController', 'index', '2016-10-03 08:45:56', '1', null), ('37340', '1', 'http://wxsong.ngrok.cc/', '127.0.0.1', '/activity/luck', null, '', '0', 'cn.weixin.song.controller.admin.ActivityLuckController', 'index', '2016-10-03 08:46:06', '0', null), ('37341', '1', 'http://wxsong.ngrok.cc/activity/luck', '127.0.0.1', '/activity/luck/getListData', null, '', '0', 'cn.weixin.song.controller.admin.ActivityLuckController', 'getListData', '2016-10-03 08:46:06', '8', null), ('37342', '1', 'http://wxsong.ngrok.cc/activity/luck', '127.0.0.1', '/activity/share', null, '', '0', 'cn.weixin.song.controller.admin.ActivityShareRecordController', 'index', '2016-10-03 08:46:08', '0', null), ('37343', '1', 'http://wxsong.ngrok.cc/', '127.0.0.1', '/activity/luck', null, '', '0', 'cn.weixin.song.controller.admin.ActivityLuckController', 'index', '2016-10-03 08:46:12', '0', null), ('37344', '1', 'http://wxsong.ngrok.cc/activity/luck', '127.0.0.1', '/activity/luck/getListData', null, '', '0', 'cn.weixin.song.controller.admin.ActivityLuckController', 'getListData', '2016-10-03 08:46:13', '6', null), ('37345', '1', 'http://wxsong.ngrok.cc/activity/luck', '127.0.0.1', '/coupon/sncode', null, '', '0', 'cn.weixin.song.controller.admin.CouponSnController', 'index', '2016-10-03 08:46:14', '0', null), ('37346', '1', 'http://wxsong.ngrok.cc/', '127.0.0.1', '/activity/luck', null, '', '0', 'cn.weixin.song.controller.admin.ActivityLuckController', 'index', '2016-10-03 08:57:47', '1', null), ('37347', '1', 'http://wxsong.ngrok.cc/activity/luck', '127.0.0.1', '/activity/luck/getListData', null, '', '0', 'cn.weixin.song.controller.admin.ActivityLuckController', 'getListData', '2016-10-03 08:57:48', '19', null), ('37348', '1', 'http://wxsong.ngrok.cc/activity/luck', '127.0.0.1', '/activity/user_play', null, '', '0', 'cn.weixin.song.controller.admin.ActivityUserPlayController', 'index', '2016-10-03 08:57:49', '0', null), ('37349', '1', 'http://wxsong.ngrok.cc/', '127.0.0.1', '/activity/luck', null, '', '0', 'cn.weixin.song.controller.admin.ActivityLuckController', 'index', '2016-10-03 09:01:23', '1', null), ('37350', '1', 'http://wxsong.ngrok.cc/activity/luck', '127.0.0.1', '/activity/luck/getListData', null, '', '0', 'cn.weixin.song.controller.admin.ActivityLuckController', 'getListData', '2016-10-03 09:01:24', '29', null), ('37351', '1', 'http://wxsong.ngrok.cc/activity/luck', '127.0.0.1', '/activity/user_play', null, '', '0', 'cn.weixin.song.controller.admin.ActivityUserPlayController', 'index', '2016-10-03 09:01:25', '0', null), ('37352', '1', 'http://wxsong.ngrok.cc/', '127.0.0.1', '/activity/luck', null, '', '0', 'cn.weixin.song.controller.admin.ActivityLuckController', 'index', '2016-10-03 09:01:30', '0', null), ('37353', '1', 'http://wxsong.ngrok.cc/activity/luck', '127.0.0.1', '/activity/luck/getListData', null, '', '0', 'cn.weixin.song.controller.admin.ActivityLuckController', 'getListData', '2016-10-03 09:01:30', '5', null), ('37354', '1', 'http://wxsong.ngrok.cc/activity/luck', '127.0.0.1', '/activity/share', null, '', '0', 'cn.weixin.song.controller.admin.ActivityShareRecordController', 'index', '2016-10-03 09:01:31', '0', null), ('37355', '1', 'http://wxsong.ngrok.cc/', '127.0.0.1', '/activity/luck', null, '', '0', 'cn.weixin.song.controller.admin.ActivityLuckController', 'index', '2016-10-03 09:01:33', '0', null), ('37356', '1', 'http://wxsong.ngrok.cc/activity/luck', '127.0.0.1', '/activity/luck/getListData', null, '', '0', 'cn.weixin.song.controller.admin.ActivityLuckController', 'getListData', '2016-10-03 09:01:34', '8', null), ('37357', '1', 'http://wxsong.ngrok.cc/activity/luck', '127.0.0.1', '/coupon/sncode', null, '', '0', 'cn.weixin.song.controller.admin.CouponSnController', 'index', '2016-10-03 09:01:38', '0', null), ('37358', '1', 'http://wxsong.ngrok.cc/', '127.0.0.1', '/activity/luck', null, '', '0', 'cn.weixin.song.controller.admin.ActivityLuckController', 'index', '2016-10-03 09:02:34', '1', null), ('37359', '1', 'http://wxsong.ngrok.cc/activity/luck', '127.0.0.1', '/activity/luck/getListData', null, '', '0', 'cn.weixin.song.controller.admin.ActivityLuckController', 'getListData', '2016-10-03 09:02:35', '20', null), ('37360', '1', 'http://wxsong.ngrok.cc/activity/luck', '127.0.0.1', '/activity/user_play', null, '', '0', 'cn.weixin.song.controller.admin.ActivityUserPlayController', 'index', '2016-10-03 09:02:39', '0', null), ('37361', '1', 'http://wxsong.ngrok.cc/', '127.0.0.1', '/activity/luck', null, '', '0', 'cn.weixin.song.controller.admin.ActivityLuckController', 'index', '2016-10-03 09:05:07', '1', null), ('37362', '1', 'http://wxsong.ngrok.cc/activity/luck', '127.0.0.1', '/activity/luck/getListData', null, '', '0', 'cn.weixin.song.controller.admin.ActivityLuckController', 'getListData', '2016-10-03 09:05:08', '22', null), ('37363', '1', 'http://wxsong.ngrok.cc/', '127.0.0.1', '/activity/luck', null, '', '0', 'cn.weixin.song.controller.admin.ActivityLuckController', 'index', '2016-10-03 09:07:40', '1', null), ('37364', '1', 'http://wxsong.ngrok.cc/activity/luck', '127.0.0.1', '/activity/luck/getListData', null, '', '0', 'cn.weixin.song.controller.admin.ActivityLuckController', 'getListData', '2016-10-03 09:07:41', '20', null), ('37365', '1', 'http://wxsong.ngrok.cc/activity/luck', '127.0.0.1', '/activity/user_play', null, '', '0', 'cn.weixin.song.controller.admin.ActivityUserPlayController', 'index', '2016-10-03 09:07:43', '18', null), ('37366', '1', 'http://wxsong.ngrok.cc/activity/user_play?aid=1', '127.0.0.1', '/activity/user_play/getListData', null, '', '0', 'cn.weixin.song.controller.admin.ActivityUserPlayController', 'getListData', '2016-10-03 09:07:44', '32', null), ('37367', '1', 'http://wxsong.ngrok.cc/activity/luck', '127.0.0.1', '/activity/luck/getListData', null, '', '0', 'cn.weixin.song.controller.admin.ActivityLuckController', 'getListData', '2016-10-03 09:07:50', '6', null), ('37368', '1', 'http://wxsong.ngrok.cc/activity/luck', '127.0.0.1', '/activity/share', null, '', '0', 'cn.weixin.song.controller.admin.ActivityShareRecordController', 'index', '2016-10-03 09:07:52', '2', null), ('37369', '1', 'http://wxsong.ngrok.cc/activity/share?aid=1', '127.0.0.1', '/activity/share/getListData', null, '', '0', 'cn.weixin.song.controller.admin.ActivityShareRecordController', 'getListData', '2016-10-03 09:07:52', '10', null), ('37370', '1', 'http://wxsong.ngrok.cc/activity/luck', '127.0.0.1', '/activity/luck/getListData', null, '', '0', 'cn.weixin.song.controller.admin.ActivityLuckController', 'getListData', '2016-10-03 09:07:54', '7', null), ('37371', '1', 'http://wxsong.ngrok.cc/activity/luck', '127.0.0.1', '/coupon/sncode', null, '', '0', 'cn.weixin.song.controller.admin.CouponSnController', 'index', '2016-10-03 09:07:56', '2', null), ('37372', '1', 'http://wxsong.ngrok.cc/coupon/sncode?aid=1', '127.0.0.1', '/coupon/sncode/getListData', null, '', '0', 'cn.weixin.song.controller.admin.CouponSnController', 'getListData', '2016-10-03 09:07:56', '23', null), ('37373', '1', 'http://wxsong.ngrok.cc/', '127.0.0.1', '/activity/luck', null, '', '0', 'cn.weixin.song.controller.admin.ActivityLuckController', 'index', '2016-10-03 09:08:06', '0', null), ('37374', '1', 'http://wxsong.ngrok.cc/activity/luck', '127.0.0.1', '/activity/luck/getListData', null, '', '0', 'cn.weixin.song.controller.admin.ActivityLuckController', 'getListData', '2016-10-03 09:08:06', '6', null), ('37375', '1', 'http://wxsong.ngrok.cc/activity/luck', '127.0.0.1', '/activity/user_play', null, '', '0', 'cn.weixin.song.controller.admin.ActivityUserPlayController', 'index', '2016-10-03 09:08:38', '3', null), ('37376', '1', 'http://wxsong.ngrok.cc/activity/user_play?aid=1', '127.0.0.1', '/activity/user_play/getListData', null, '', '0', 'cn.weixin.song.controller.admin.ActivityUserPlayController', 'getListData', '2016-10-03 09:08:39', '8', null), ('37377', '1', 'http://wxsong.ngrok.cc/', '127.0.0.1', '/activity/luck', null, '', '0', 'cn.weixin.song.controller.admin.ActivityLuckController', 'index', '2016-10-03 09:08:55', '0', null), ('37378', '1', 'http://wxsong.ngrok.cc/activity/luck', '127.0.0.1', '/activity/luck/getListData', null, '', '0', 'cn.weixin.song.controller.admin.ActivityLuckController', 'getListData', '2016-10-03 09:08:56', '4', null), ('37379', '1', 'http://wxsong.ngrok.cc/activity/luck', '127.0.0.1', '/activity/share', null, '', '0', 'cn.weixin.song.controller.admin.ActivityShareRecordController', 'index', '2016-10-03 09:09:04', '2', null), ('37380', '1', 'http://wxsong.ngrok.cc/activity/share?aid=1', '127.0.0.1', '/activity/share/getListData', null, '', '0', 'cn.weixin.song.controller.admin.ActivityShareRecordController', 'getListData', '2016-10-03 09:09:05', '7', null), ('37381', null, null, '127.0.0.1', '/wx/luck', null, '', '0', 'cn.weixin.song.controller.wx.WxLuckController', 'index', '2016-10-03 09:09:16', '1542', null), ('37382', null, 'http://wxsong.ngrok.cc/wx/luck?aid=1&openid=on9Wyt_X5BMMuJOE9-Rl1FbxGw7Y', '127.0.0.1', '/wx/luck/share', null, '', '0', 'cn.weixin.song.controller.wx.WxLuckController', 'share', '2016-10-03 09:09:30', '39', null), ('37383', '1', 'http://wxsong.ngrok.cc/', '127.0.0.1', '/activity/luck', null, '', '0', 'cn.weixin.song.controller.admin.ActivityLuckController', 'index', '2016-10-03 09:09:35', '0', null), ('37384', '1', 'http://wxsong.ngrok.cc/activity/luck', '127.0.0.1', '/activity/luck/getListData', null, '', '0', 'cn.weixin.song.controller.admin.ActivityLuckController', 'getListData', '2016-10-03 09:09:36', '6', null), ('37385', '1', 'http://wxsong.ngrok.cc/activity/luck', '127.0.0.1', '/activity/share', null, '', '0', 'cn.weixin.song.controller.admin.ActivityShareRecordController', 'index', '2016-10-03 09:09:39', '2', null), ('37386', '1', 'http://wxsong.ngrok.cc/activity/share?aid=1', '127.0.0.1', '/activity/share/getListData', null, '', '0', 'cn.weixin.song.controller.admin.ActivityShareRecordController', 'getListData', '2016-10-03 09:09:39', '7', null), ('37387', '1', 'http://wxsong.ngrok.cc/activity/luck', '127.0.0.1', '/activity/luck/getListData', null, '', '0', 'cn.weixin.song.controller.admin.ActivityLuckController', 'getListData', '2016-10-03 09:09:49', '9', null), ('37388', '1', 'http://wxsong.ngrok.cc/activity/luck', '127.0.0.1', '/coupon/sncode', null, '', '0', 'cn.weixin.song.controller.admin.CouponSnController', 'index', '2016-10-03 09:09:50', '3', null), ('37389', '1', 'http://wxsong.ngrok.cc/coupon/sncode?aid=1', '127.0.0.1', '/coupon/sncode/getListData', null, '', '0', 'cn.weixin.song.controller.admin.CouponSnController', 'getListData', '2016-10-03 09:09:51', '14', null), ('37390', null, null, '127.0.0.1', '/api/wx', null, '', '0', 'cn.weixin.song.controller.api.WxController', 'index', '2016-10-03 20:50:14', '117', null), ('37391', null, null, '127.0.0.1', '/api/wx', null, '', '0', 'cn.weixin.song.controller.api.WxController', 'index', '2016-10-03 20:51:06', '83', null), ('37392', null, null, '127.0.0.1', '/api/wx', null, '', '0', 'cn.weixin.song.controller.api.WxController', 'index', '2016-10-03 20:51:16', '5', null), ('37393', null, null, '127.0.0.1', '/api/wx', null, '', '0', 'cn.weixin.song.controller.api.WxController', 'index', '2016-10-03 20:51:57', '8', null), ('37394', null, null, '127.0.0.1', '/api/wx', null, '', '0', 'cn.weixin.song.controller.api.WxController', 'index', '2016-10-03 20:54:16', '4', null), ('37395', null, null, '127.0.0.1', '/api/wx', null, '', '0', 'cn.weixin.song.controller.api.WxController', 'index', '2016-10-03 20:54:17', '3', null), ('37396', null, null, '127.0.0.1', '/api/wx', null, '', '0', 'cn.weixin.song.controller.api.WxController', 'index', '2016-10-03 20:54:17', '2', null), ('37397', null, null, '127.0.0.1', '/api/wx', null, '', '0', 'cn.weixin.song.controller.api.WxController', 'index', '2016-10-03 21:23:56', '153', null), ('37398', null, null, '127.0.0.1', '/api/wx', null, '', '0', 'cn.weixin.song.controller.api.WxController', 'index', '2016-10-03 21:24:00', '26', null), ('37399', null, null, '127.0.0.1', '/api/wx', null, '', '0', 'cn.weixin.song.controller.api.WxController', 'index', '2016-10-03 22:16:41', '80', null), ('37400', null, null, '127.0.0.1', '/api/wx', null, '', '0', 'cn.weixin.song.controller.api.WxController', 'index', '2016-10-03 22:22:52', '164', null), ('37401', null, null, '127.0.0.1', '/api/wx', null, '', '0', 'cn.weixin.song.controller.api.WxController', 'index', '2016-10-03 22:22:56', '13', null), ('37402', null, null, '127.0.0.1', '/api/wx', null, '', '0', 'cn.weixin.song.controller.api.WxController', 'index', '2016-10-03 22:24:48', '149', null), ('37403', null, null, '127.0.0.1', '/api/wx', null, '', '0', 'cn.weixin.song.controller.api.WxController', 'index', '2016-10-04 09:00:50', '203', null), ('37404', null, null, '127.0.0.1', '/api/wx', null, '', '0', 'cn.weixin.song.controller.api.WxController', 'index', '2016-10-04 09:00:51', '19', null), ('37405', null, null, '127.0.0.1', '/api/wx', null, '', '0', 'cn.weixin.song.controller.api.WxController', 'index', '2016-10-04 09:02:53', '178', null), ('37406', null, null, '127.0.0.1', '/api/wx', null, '', '0', 'cn.weixin.song.controller.api.WxController', 'index', '2016-10-04 09:03:25', '18', null), ('37407', null, null, '127.0.0.1', '/api/wx', null, '', '0', 'cn.weixin.song.controller.api.WxController', 'index', '2016-10-04 09:14:53', '231', null), ('37408', null, null, '127.0.0.1', '/api/wx', null, '', '0', 'cn.weixin.song.controller.api.WxController', 'index', '2016-10-04 09:46:03', '217', null), ('37409', null, null, '127.0.0.1', '/api/wx', null, '', '0', 'cn.weixin.song.controller.api.WxController', 'index', '2016-10-04 09:46:11', '24', null), ('37410', null, null, '127.0.0.1', '/api/wx', null, '', '0', 'cn.weixin.song.controller.api.WxController', 'index', '2016-10-04 09:49:27', '166', null), ('37411', null, null, '127.0.0.1', '/api/wx', null, '', '0', 'cn.weixin.song.controller.api.WxController', 'index', '2016-10-04 10:07:34', '153', null), ('37412', null, null, '127.0.0.1', '/api/wx', null, '', '0', 'cn.weixin.song.controller.api.WxController', 'index', '2016-10-04 10:07:44', '14', null), ('37413', null, null, '127.0.0.1', '/api/wx', null, '', '0', 'cn.weixin.song.controller.api.WxController', 'index', '2016-10-04 10:07:56', '16', null), ('37414', null, null, '127.0.0.1', '/api/wx', null, '', '0', 'cn.weixin.song.controller.api.WxController', 'index', '2016-10-04 10:13:32', '208', null);
INSERT INTO `sys_log` VALUES ('37415', null, null, '127.0.0.1', '/api/wx', null, '', '0', 'cn.weixin.song.controller.api.WxController', 'index', '2016-10-04 10:13:58', '33', null), ('37416', null, null, '127.0.0.1', '/api/wx', null, '', '0', 'cn.weixin.song.controller.api.WxController', 'index', '2016-10-04 10:14:03', '27', null), ('37417', null, null, '127.0.0.1', '/api/wx', null, '', '0', 'cn.weixin.song.controller.api.WxController', 'index', '2016-10-04 10:14:11', '26', null), ('37418', null, null, '127.0.0.1', '/api/wx', null, '', '0', 'cn.weixin.song.controller.api.WxController', 'index', '2016-10-04 10:14:22', '33', null), ('37419', null, null, '127.0.0.1', '/api/wx', null, '', '0', 'cn.weixin.song.controller.api.WxController', 'index', '2016-10-04 10:15:06', '43', null), ('37420', null, null, '127.0.0.1', '/api/wx', null, '', '0', 'cn.weixin.song.controller.api.WxController', 'index', '2016-10-04 10:15:10', '31', null), ('37421', null, null, '127.0.0.1', '/api/wx', null, '', '0', 'cn.weixin.song.controller.api.WxController', 'index', '2016-10-04 10:34:31', '225', null), ('37422', null, null, '127.0.0.1', '/api/wx', null, '', '0', 'cn.weixin.song.controller.api.WxController', 'index', '2016-10-04 10:34:42', '32', null), ('37423', null, null, '127.0.0.1', '/api/wx', null, '', '0', 'cn.weixin.song.controller.api.WxController', 'index', '2016-10-04 10:35:31', '173', null), ('37424', null, null, '127.0.0.1', '/api/wx', null, '', '0', 'cn.weixin.song.controller.api.WxController', 'index', '2016-10-04 10:38:56', '38', null), ('37425', null, null, '127.0.0.1', '/api/wx', null, '', '0', 'cn.weixin.song.controller.api.WxController', 'index', '2016-10-04 10:39:05', '36', null), ('37426', null, null, '127.0.0.1', '/api/wx', null, '', '0', 'cn.weixin.song.controller.api.WxController', 'index', '2016-10-04 10:39:08', '11', null), ('37427', null, null, '127.0.0.1', '/api/wx', null, '', '0', 'cn.weixin.song.controller.api.WxController', 'index', '2016-10-04 10:45:49', '184', null), ('37428', null, null, '127.0.0.1', '/api/wx', null, '', '0', 'cn.weixin.song.controller.api.WxController', 'index', '2016-10-04 10:47:52', '44', null), ('37429', null, null, '127.0.0.1', '/api/wx', null, '', '0', 'cn.weixin.song.controller.api.WxController', 'index', '2016-10-04 10:50:08', '40', null), ('37430', null, null, '127.0.0.1', '/api/wx', null, '', '0', 'cn.weixin.song.controller.api.WxController', 'index', '2016-10-04 10:50:20', '29', null), ('37431', null, null, '127.0.0.1', '/api/wx', null, '', '0', 'cn.weixin.song.controller.api.WxController', 'index', '2016-10-04 10:50:25', '35', null), ('37432', null, null, '127.0.0.1', '/api/wx', null, '', '0', 'cn.weixin.song.controller.api.WxController', 'index', '2016-10-04 10:50:34', '32', null), ('37433', null, null, '127.0.0.1', '/api/wx', null, '', '0', 'cn.weixin.song.controller.api.WxController', 'index', '2016-10-04 10:50:43', '36', null), ('37434', null, null, '127.0.0.1', '/api/wx', null, '', '0', 'cn.weixin.song.controller.api.WxController', 'index', '2016-10-04 10:50:55', '23', null), ('37435', null, null, '127.0.0.1', '/api/wx', null, '', '0', 'cn.weixin.song.controller.api.WxController', 'index', '2016-10-04 10:51:03', '31', null), ('37436', null, null, '127.0.0.1', '/api/wx', null, '', '0', 'cn.weixin.song.controller.api.WxController', 'index', '2016-10-04 10:52:55', '182', null), ('37437', null, null, '127.0.0.1', '/api/wx', null, '', '0', 'cn.weixin.song.controller.api.WxController', 'index', '2016-10-04 10:52:59', '38', null), ('37438', null, null, '127.0.0.1', '/api/wx', null, '', '0', 'cn.weixin.song.controller.api.WxController', 'index', '2016-10-04 10:53:16', '28', null), ('37439', null, null, '127.0.0.1', '/api/wx', null, '', '0', 'cn.weixin.song.controller.api.WxController', 'index', '2016-10-04 10:53:18', '22', null), ('37440', null, null, '127.0.0.1', '/api/wx', null, '', '0', 'cn.weixin.song.controller.api.WxController', 'index', '2016-10-04 10:53:31', '29', null), ('37441', null, null, '127.0.0.1', '/api/wx', null, '', '0', 'cn.weixin.song.controller.api.WxController', 'index', '2016-10-04 10:53:33', '29', null), ('37442', null, null, '127.0.0.1', '/api/wx', null, '', '0', 'cn.weixin.song.controller.api.WxController', 'index', '2016-10-04 10:53:45', '31', null), ('37443', null, null, '127.0.0.1', '/api/wx', null, '', '0', 'cn.weixin.song.controller.api.WxController', 'index', '2016-10-04 10:54:00', '33', null), ('37444', null, null, '127.0.0.1', '/api/wx', null, '', '0', 'cn.weixin.song.controller.api.WxController', 'index', '2016-10-04 11:02:55', '164', null), ('37445', null, null, '127.0.0.1', '/api/wx', null, '', '0', 'cn.weixin.song.controller.api.WxController', 'index', '2016-10-04 11:03:13', '39', null), ('37446', null, null, '127.0.0.1', '/api/wx', null, '', '0', 'cn.weixin.song.controller.api.WxController', 'index', '2016-10-04 11:04:25', '37', null), ('37447', null, null, '127.0.0.1', '/api/wx', null, '', '0', 'cn.weixin.song.controller.api.WxController', 'index', '2016-10-04 11:05:40', '31', null), ('37448', null, null, '127.0.0.1', '/api/wx', null, '', '0', 'cn.weixin.song.controller.api.WxController', 'index', '2016-10-04 11:18:22', '37', null), ('37449', null, null, '127.0.0.1', '/api/wx', null, '', '0', 'cn.weixin.song.controller.api.WxController', 'index', '2016-10-04 11:18:30', '14', null), ('37450', null, null, '127.0.0.1', '/api/wx', null, '', '0', 'cn.weixin.song.controller.api.WxController', 'index', '2016-10-04 11:18:42', '17', null), ('37451', null, null, '127.0.0.1', '/api/wx', null, '', '0', 'cn.weixin.song.controller.api.WxController', 'index', '2016-10-04 11:18:46', '20', null), ('37452', null, null, '127.0.0.1', '/api/wx', null, '', '0', 'cn.weixin.song.controller.api.WxController', 'index', '2016-10-04 11:19:27', '21', null), ('37453', null, null, '127.0.0.1', '/api/wx', null, '', '0', 'cn.weixin.song.controller.api.WxController', 'index', '2016-10-04 11:20:45', '178', null), ('37454', null, null, '127.0.0.1', '/api/wx', null, '', '0', 'cn.weixin.song.controller.api.WxController', 'index', '2016-10-04 11:28:44', '182', null), ('37455', null, null, '127.0.0.1', '/api/wx', null, '', '0', 'cn.weixin.song.controller.api.WxController', 'index', '2016-10-04 11:30:45', '178', null), ('37456', null, null, '127.0.0.1', '/api/wx', null, '', '0', 'cn.weixin.song.controller.api.WxController', 'index', '2016-10-04 11:31:03', '20', null), ('37457', null, null, '127.0.0.1', '/api/wx', null, '', '0', 'cn.weixin.song.controller.api.WxController', 'index', '2016-10-04 11:32:48', '182', null), ('37458', null, null, '127.0.0.1', '/api/wx', null, '', '0', 'cn.weixin.song.controller.api.WxController', 'index', '2016-10-04 12:00:45', '64', null), ('37459', null, null, '127.0.0.1', '/api/wx', null, '', '0', 'cn.weixin.song.controller.api.WxController', 'index', '2016-10-04 12:21:48', '155', null), ('37460', null, null, '127.0.0.1', '/api/wx', null, '', '0', 'cn.weixin.song.controller.api.WxController', 'index', '2016-10-04 12:22:11', '20', null), ('37461', null, null, '127.0.0.1', '/api/wx', null, '', '0', 'cn.weixin.song.controller.api.WxController', 'index', '2016-10-04 12:22:20', '40', null), ('37462', null, null, '127.0.0.1', '/api/wx', null, '', '0', 'cn.weixin.song.controller.api.WxController', 'index', '2016-10-04 14:41:04', '2622', null), ('37463', null, null, '127.0.0.1', '/api/wx', null, '', '0', 'cn.weixin.song.controller.api.WxController', 'index', '2016-10-04 14:46:32', '319', null), ('37464', null, null, '127.0.0.1', '/api/wx', null, '', '0', 'cn.weixin.song.controller.api.WxController', 'index', '2016-10-04 15:05:00', '1972', null), ('37465', null, null, '127.0.0.1', '/api/wx', null, '', '0', 'cn.weixin.song.controller.api.WxController', 'index', '2016-10-04 15:27:17', '2647', null), ('37466', null, null, '127.0.0.1', '/api/wx', null, '', '0', 'cn.weixin.song.controller.api.WxController', 'index', '2016-10-04 15:28:47', '224', null), ('37467', null, null, '127.0.0.1', '/api/wx', null, '', '0', 'cn.weixin.song.controller.api.WxController', 'index', '2016-10-04 15:29:58', '47', null), ('37468', null, null, '127.0.0.1', '/api/wx', null, '', '0', 'cn.weixin.song.controller.api.WxController', 'index', '2016-10-04 15:30:23', '33', null), ('37469', null, null, '127.0.0.1', '/api/wx', null, '', '0', 'cn.weixin.song.controller.api.WxController', 'index', '2016-10-04 15:30:30', '21', null), ('37470', null, null, '127.0.0.1', '/api/wx', null, '', '0', 'cn.weixin.song.controller.api.WxController', 'index', '2016-10-04 15:30:37', '33', null), ('37471', null, null, '127.0.0.1', '/api/wx', null, '', '0', 'cn.weixin.song.controller.api.WxController', 'index', '2016-10-04 15:30:49', '47', null), ('37472', null, null, '127.0.0.1', '/api/wx', null, '', '0', 'cn.weixin.song.controller.api.WxController', 'index', '2016-10-04 15:31:06', '30', null), ('37473', null, null, '127.0.0.1', '/api/wx', null, '', '0', 'cn.weixin.song.controller.api.WxController', 'index', '2016-10-04 15:31:22', '37', null), ('37474', null, null, '127.0.0.1', '/api/wx', null, '', '0', 'cn.weixin.song.controller.api.WxController', 'index', '2016-10-04 15:31:33', '30', null), ('37475', null, null, '127.0.0.1', '/api/wx', null, '', '0', 'cn.weixin.song.controller.api.WxController', 'index', '2016-10-04 15:31:42', '30', null), ('37476', null, null, '127.0.0.1', '/api/wx', null, '', '0', 'cn.weixin.song.controller.api.WxController', 'index', '2016-10-04 15:31:52', '20', null), ('37477', null, null, '127.0.0.1', '/api/wx', null, '', '0', 'cn.weixin.song.controller.api.WxController', 'index', '2016-10-04 15:32:08', '29', null), ('37478', null, null, '127.0.0.1', '/api/wx', null, '', '0', 'cn.weixin.song.controller.api.WxController', 'index', '2016-10-04 15:32:39', '30', null), ('37479', null, null, '127.0.0.1', '/api/wx', null, '', '0', 'cn.weixin.song.controller.api.WxController', 'index', '2016-10-04 15:32:50', '30', null), ('37480', null, null, '127.0.0.1', '/api/wx', null, '', '0', 'cn.weixin.song.controller.api.WxController', 'index', '2016-10-04 15:34:15', '47', null), ('37481', null, 'http://localhost:8080/login', '0:0:0:0:0:0:0:1', '/image/getCode', null, '', '0', 'com.jcbase.controller.ImageController', 'getCode', '2016-10-04 15:59:00', '2093', null), ('37482', '1', 'http://localhost:8080/', '0:0:0:0:0:0:0:1', '/sys/res', null, '', '0', 'com.jcbase.controller.sys.ResController', 'index', '2016-10-04 15:59:22', '0', null), ('37483', '1', 'http://localhost:8080/sys/res', '0:0:0:0:0:0:0:1', '/sys/res/getTreeGridView', null, '', '0', 'com.jcbase.controller.sys.ResController', 'getTreeGridView', '2016-10-04 15:59:23', '65', null), ('37484', '1', 'http://localhost:8080/', '0:0:0:0:0:0:0:1', '/sys/res/add', null, '', '0', 'com.jcbase.controller.sys.ResController', 'add', '2016-10-04 15:59:28', '12', null), ('37485', '1', 'http://localhost:8080/sys/res/add', '0:0:0:0:0:0:0:1', '/sys/res/saveRes', null, '', '0', 'com.jcbase.controller.sys.ResController', 'saveRes', '2016-10-04 16:00:18', '25', null), ('37486', '1', 'http://localhost:8080/sys/res', '0:0:0:0:0:0:0:1', '/sys/res/getTreeGridView', null, '', '0', 'com.jcbase.controller.sys.ResController', 'getTreeGridView', '2016-10-04 16:00:21', '42', null), ('37487', '1', 'http://localhost:8080/', '0:0:0:0:0:0:0:1', '/sys/res', null, '', '0', 'com.jcbase.controller.sys.ResController', 'index', '2016-10-04 16:00:23', '0', null), ('37488', '1', 'http://localhost:8080/sys/res', '0:0:0:0:0:0:0:1', '/sys/res/getTreeGridView', null, '', '0', 'com.jcbase.controller.sys.ResController', 'getTreeGridView', '2016-10-04 16:00:24', '44', null), ('37489', null, 'http://localhost:8080/login', '0:0:0:0:0:0:0:1', '/image/getCode', null, '', '0', 'com.jcbase.controller.ImageController', 'getCode', '2016-10-04 16:00:28', '60', null), ('37490', '1', 'http://localhost:8080/', '0:0:0:0:0:0:0:1', '/sys/role', null, '', '0', 'com.jcbase.controller.sys.RoleController', 'index', '2016-10-04 16:00:37', '0', null), ('37491', '1', 'http://localhost:8080/sys/role', '0:0:0:0:0:0:0:1', '/sys/role/getListData', null, '', '0', 'com.jcbase.controller.sys.RoleController', 'getListData', '2016-10-04 16:00:38', '10', null), ('37492', '1', 'http://localhost:8080/', '0:0:0:0:0:0:0:1', '/sys/res', null, '', '0', 'com.jcbase.controller.sys.ResController', 'index', '2016-10-04 16:00:56', '1', null), ('37493', '1', 'http://localhost:8080/sys/res', '0:0:0:0:0:0:0:1', '/sys/res/getTreeGridView', null, '', '0', 'com.jcbase.controller.sys.ResController', 'getTreeGridView', '2016-10-04 16:00:57', '45', null), ('37494', '1', 'http://localhost:8080/', '0:0:0:0:0:0:0:1', '/sys/role/getZtree', null, '', '0', 'com.jcbase.controller.sys.RoleController', 'getZtree', '2016-10-04 16:01:01', '31', null), ('37495', '1', 'http://localhost:8080/sys/role/getZtree?roleId=56&type=1', '0:0:0:0:0:0:0:1', '/sys/role/saveMenuAssign', null, '', '0', 'com.jcbase.controller.sys.RoleController', 'saveMenuAssign', '2016-10-04 16:01:03', '18', null), ('37496', '1', 'http://localhost:8080/', '0:0:0:0:0:0:0:1', '/sys/role', null, '', '0', 'com.jcbase.controller.sys.RoleController', 'index', '2016-10-04 16:01:05', '0', null), ('37497', '1', 'http://localhost:8080/sys/role', '0:0:0:0:0:0:0:1', '/sys/role/getListData', null, '', '0', 'com.jcbase.controller.sys.RoleController', 'getListData', '2016-10-04 16:01:06', '4', null), ('37498', null, 'http://localhost:8080/login', '0:0:0:0:0:0:0:1', '/image/getCode', null, '', '0', 'com.jcbase.controller.ImageController', 'getCode', '2016-10-04 16:01:21', '1410', null), ('37499', '1', 'http://localhost:8080/', '0:0:0:0:0:0:0:1', '/mactivity', null, '', '0', 'cn.weixin.song.controller.admin.music.MusicActivityController', 'index', '2016-10-04 16:01:31', '6', null), ('37500', null, null, '127.0.0.1', '/api/wx', null, '', '0', 'cn.weixin.song.controller.api.WxController', 'index', '2016-10-04 16:05:59', '90', null), ('37501', null, null, '127.0.0.1', '/api/wx', null, '', '0', 'cn.weixin.song.controller.api.WxController', 'index', '2016-10-04 16:06:05', '48', null), ('37502', null, null, '127.0.0.1', '/api/wx', null, '', '0', 'cn.weixin.song.controller.api.WxController', 'index', '2016-10-04 16:07:01', '18', null), ('37503', null, null, '127.0.0.1', '/api/wx', null, '', '0', 'cn.weixin.song.controller.api.WxController', 'index', '2016-10-04 16:07:23', '16', null), ('37504', null, null, '127.0.0.1', '/api/wx', null, '', '0', 'cn.weixin.song.controller.api.WxController', 'index', '2016-10-04 16:07:46', '32', null), ('37505', null, null, '127.0.0.1', '/api/wx', null, '', '0', 'cn.weixin.song.controller.api.WxController', 'index', '2016-10-04 16:09:33', '24', null), ('37506', null, null, '127.0.0.1', '/api/wx', null, '', '0', 'cn.weixin.song.controller.api.WxController', 'index', '2016-10-04 16:09:40', '35', null), ('37507', '1', 'http://localhost:8080/', '0:0:0:0:0:0:0:1', '/mactivity', null, '', '0', 'cn.weixin.song.controller.admin.music.MusicActivityController', 'index', '2016-10-04 16:16:09', '6', null), ('37508', '1', 'http://localhost:8080/', '0:0:0:0:0:0:0:1', '/mactivity', null, '', '0', 'cn.weixin.song.controller.admin.music.MusicActivityController', 'index', '2016-10-04 16:17:16', '7', null), ('37509', '1', 'http://localhost:8080/', '0:0:0:0:0:0:0:1', '/activity/luck', null, '', '0', 'cn.weixin.song.controller.admin.ActivityLuckController', 'index', '2016-10-04 16:17:20', '0', null), ('37510', '1', 'http://localhost:8080/activity/luck', '0:0:0:0:0:0:0:1', '/activity/luck/getListData', null, '', '0', 'cn.weixin.song.controller.admin.ActivityLuckController', 'getListData', '2016-10-04 16:17:21', '27', null), ('37511', '1', null, '0:0:0:0:0:0:0:1', '/mactivity', null, '', '0', 'cn.weixin.song.controller.admin.music.MusicActivityController', 'index', '2016-10-04 16:17:28', '2', null), ('37512', '1', null, '0:0:0:0:0:0:0:1', '/mactivity', null, '', '0', 'cn.weixin.song.controller.admin.music.MusicActivityController', 'index', '2016-10-04 16:19:51', '54', null), ('37513', '1', 'http://localhost:8080/mactivity', '0:0:0:0:0:0:0:1', '/mactivity/getListData', null, '', '0', 'cn.weixin.song.controller.admin.music.MusicActivityController', 'getListData', '2016-10-04 16:19:52', '14', null), ('37514', '1', 'http://localhost:8080/mactivity', '0:0:0:0:0:0:0:1', '/mactivity', null, '', '0', 'cn.weixin.song.controller.admin.music.MusicActivityController', 'index', '2016-10-04 16:19:55', '2', null), ('37515', '1', 'http://localhost:8080/mactivity/add?id=1', '0:0:0:0:0:0:0:1', '/mactivity/getListData', null, '', '0', 'cn.weixin.song.controller.admin.music.MusicActivityController', 'getListData', '2016-10-04 16:19:55', '13', null), ('37516', '1', 'http://localhost:8080/mactivity/add?id=1', '0:0:0:0:0:0:0:1', '/mactivity/music_list', null, '', '0', 'cn.weixin.song.controller.admin.music.MusicActivityController', 'music_list', '2016-10-04 16:19:58', '2', null), ('37517', '1', 'http://localhost:8080/mactivity/add?id=1', '0:0:0:0:0:0:0:1', '/mactivity/getListData', null, '', '0', 'cn.weixin.song.controller.admin.music.MusicActivityController', 'getListData', '2016-10-04 16:20:01', '7', null), ('37518', '1', 'http://localhost:8080/', '0:0:0:0:0:0:0:1', '/mactivity', null, '', '0', 'cn.weixin.song.controller.admin.music.MusicActivityController', 'index', '2016-10-04 16:22:17', '27', null), ('37519', '1', 'http://localhost:8080/mactivity', '0:0:0:0:0:0:0:1', '/mactivity/getListData', null, '', '0', 'cn.weixin.song.controller.admin.music.MusicActivityController', 'getListData', '2016-10-04 16:22:17', '6', null), ('37520', '1', 'http://localhost:8080/', '0:0:0:0:0:0:0:1', '/sys/res', null, '', '0', 'com.jcbase.controller.sys.ResController', 'index', '2016-10-04 16:22:21', '1', null), ('37521', '1', 'http://localhost:8080/sys/res', '0:0:0:0:0:0:0:1', '/sys/res/getTreeGridView', null, '', '0', 'com.jcbase.controller.sys.ResController', 'getTreeGridView', '2016-10-04 16:22:22', '59', null), ('37522', '1', 'http://localhost:8080/', '0:0:0:0:0:0:0:1', '/sys/res/add', null, '', '0', 'com.jcbase.controller.sys.ResController', 'add', '2016-10-04 16:22:26', '18', null), ('37523', '1', 'http://localhost:8080/sys/res/add', '0:0:0:0:0:0:0:1', '/sys/res/saveRes', null, '', '0', 'com.jcbase.controller.sys.ResController', 'saveRes', '2016-10-04 16:22:42', '15', null), ('37524', '1', 'http://localhost:8080/sys/res', '0:0:0:0:0:0:0:1', '/sys/res/getTreeGridView', null, '', '0', 'com.jcbase.controller.sys.ResController', 'getTreeGridView', '2016-10-04 16:22:44', '82', null), ('37525', '1', 'http://localhost:8080/', '0:0:0:0:0:0:0:1', '/sys/res', null, '', '0', 'com.jcbase.controller.sys.ResController', 'index', '2016-10-04 16:23:00', '1', null), ('37526', '1', 'http://localhost:8080/sys/res', '0:0:0:0:0:0:0:1', '/sys/res/getTreeGridView', null, '', '0', 'com.jcbase.controller.sys.ResController', 'getTreeGridView', '2016-10-04 16:23:01', '66', null), ('37527', '1', 'http://localhost:8080/', '0:0:0:0:0:0:0:1', '/music', null, '', '0', 'cn.weixin.song.controller.admin.music.MusicController', 'index', '2016-10-04 16:23:02', '1', null), ('37528', '1', 'http://localhost:8080/', '0:0:0:0:0:0:0:1', '/mactivity', null, '', '0', 'cn.weixin.song.controller.admin.music.MusicActivityController', 'index', '2016-10-04 16:24:16', '6', null), ('37529', '1', 'http://localhost:8080/mactivity', '0:0:0:0:0:0:0:1', '/mactivity/getListData', null, '', '0', 'cn.weixin.song.controller.admin.music.MusicActivityController', 'getListData', '2016-10-04 16:24:17', '27', null), ('37530', '1', 'http://localhost:8080/mactivity', '0:0:0:0:0:0:0:1', '/mactivity/music_list', null, '', '0', 'cn.weixin.song.controller.admin.music.MusicActivityController', 'music_list', '2016-10-04 16:24:21', '1', null), ('37531', '1', 'http://localhost:8080/mactivity/music_list?aid=1', '0:0:0:0:0:0:0:1', '/mactivity/getListData', null, '', '0', 'cn.weixin.song.controller.admin.music.MusicActivityController', 'getListData', '2016-10-04 16:24:22', '6', null), ('37532', '1', 'http://localhost:8080/', '0:0:0:0:0:0:0:1', '/mactivity', null, '', '0', 'cn.weixin.song.controller.admin.music.MusicActivityController', 'index', '2016-10-04 16:26:07', '13', null), ('37533', '1', 'http://localhost:8080/mactivity', '0:0:0:0:0:0:0:1', '/mactivity/getListData', null, '', '0', 'cn.weixin.song.controller.admin.music.MusicActivityController', 'getListData', '2016-10-04 16:26:08', '7', null), ('37534', '1', 'http://localhost:8080/', '0:0:0:0:0:0:0:1', '/music', null, '', '0', 'cn.weixin.song.controller.admin.music.MusicController', 'index', '2016-10-04 16:26:09', '0', null), ('37535', '1', 'http://localhost:8080/music', '0:0:0:0:0:0:0:1', '/music/getListData', null, '', '0', 'cn.weixin.song.controller.admin.music.MusicController', 'getListData', '2016-10-04 16:26:10', '9', null), ('37536', '1', 'http://localhost:8080/music', '0:0:0:0:0:0:0:1', '/music/add', null, '', '0', 'cn.weixin.song.controller.admin.music.MusicController', 'add', '2016-10-04 16:26:23', '2', null), ('37537', '1', 'http://localhost:8080/music', '0:0:0:0:0:0:0:1', '/music/add', null, '', '0', 'cn.weixin.song.controller.admin.music.MusicController', 'add', '2016-10-04 16:27:09', '4', null), ('37538', '1', 'http://localhost:8080/music', '0:0:0:0:0:0:0:1', '/music/add', null, '', '0', 'cn.weixin.song.controller.admin.music.MusicController', 'add', '2016-10-04 16:28:15', '14', null), ('37539', '1', 'http://localhost:8080/music', '0:0:0:0:0:0:0:1', '/music/add', null, '', '0', 'cn.weixin.song.controller.admin.music.MusicController', 'add', '2016-10-04 16:28:38', '3', null), ('37540', '1', 'http://localhost:8080/music', '0:0:0:0:0:0:0:1', '/music/add', null, '', '0', 'cn.weixin.song.controller.admin.music.MusicController', 'add', '2016-10-04 16:30:14', '22', null), ('37541', '1', 'http://localhost:8080/music/add?id=1', '0:0:0:0:0:0:0:1', '/music', null, '', '0', 'cn.weixin.song.controller.admin.music.MusicController', 'index', '2016-10-04 16:30:15', '0', null), ('37542', '1', 'http://localhost:8080/music', '0:0:0:0:0:0:0:1', '/music/add', null, '', '0', 'cn.weixin.song.controller.admin.music.MusicController', 'add', '2016-10-04 16:30:24', '0', null), ('37543', '1', 'http://localhost:8080/music/add', '0:0:0:0:0:0:0:1', '/music', null, '', '0', 'cn.weixin.song.controller.admin.music.MusicController', 'index', '2016-10-04 16:30:25', '0', null), ('37544', '1', 'http://localhost:8080/music', '0:0:0:0:0:0:0:1', '/music/add', null, '', '0', 'cn.weixin.song.controller.admin.music.MusicController', 'add', '2016-10-04 16:30:38', '0', null), ('37545', '1', 'http://localhost:8080/music/add', '0:0:0:0:0:0:0:1', '/music', null, '', '0', 'cn.weixin.song.controller.admin.music.MusicController', 'index', '2016-10-04 16:30:39', '0', null), ('37546', '1', 'http://localhost:8080/music', '0:0:0:0:0:0:0:1', '/music/add', null, '', '0', 'cn.weixin.song.controller.admin.music.MusicController', 'add', '2016-10-04 16:31:34', '11', null), ('37547', '1', 'http://localhost:8080/music/add?id=1', '0:0:0:0:0:0:0:1', '/music', null, '', '0', 'cn.weixin.song.controller.admin.music.MusicController', 'index', '2016-10-04 16:31:35', '0', null), ('37548', '1', 'http://localhost:8080/music', '0:0:0:0:0:0:0:1', '/music/getListData', null, '', '0', 'cn.weixin.song.controller.admin.music.MusicController', 'getListData', '2016-10-04 16:31:42', '9', null), ('37549', '1', 'http://localhost:8080/music', '0:0:0:0:0:0:0:1', '/music/getListData', null, '', '0', 'cn.weixin.song.controller.admin.music.MusicController', 'getListData', '2016-10-04 16:31:46', '11', null), ('37550', '1', 'http://localhost:8080/music', '0:0:0:0:0:0:0:1', '/music/getListData', null, '', '0', 'cn.weixin.song.controller.admin.music.MusicController', 'getListData', '2016-10-04 16:31:47', '7', null), ('37551', '1', 'http://localhost:8080/music', '0:0:0:0:0:0:0:1', '/music/getListData', null, '', '0', 'cn.weixin.song.controller.admin.music.MusicController', 'getListData', '2016-10-04 16:32:08', '6', null), ('37552', '1', 'http://localhost:8080/music', '0:0:0:0:0:0:0:1', '/music/getListData', null, '', '0', 'cn.weixin.song.controller.admin.music.MusicController', 'getListData', '2016-10-04 16:32:09', '5', null), ('37553', '1', 'http://localhost:8080/music', '0:0:0:0:0:0:0:1', '/music/add', null, '', '0', 'cn.weixin.song.controller.admin.music.MusicController', 'add', '2016-10-04 16:32:32', '0', null), ('37554', '1', 'http://localhost:8080/music/add', '0:0:0:0:0:0:0:1', '/music', null, '', '0', 'cn.weixin.song.controller.admin.music.MusicController', 'index', '2016-10-04 16:32:33', '0', null), ('37555', '1', 'http://localhost:8080/mactivity', '0:0:0:0:0:0:0:1', '/mactivity', null, '', '0', 'cn.weixin.song.controller.admin.music.MusicActivityController', 'index', '2016-10-04 16:34:26', '25', null), ('37556', '1', 'http://localhost:8080/mactivity/add?id=1', '0:0:0:0:0:0:0:1', '/mactivity/getListData', null, '', '0', 'cn.weixin.song.controller.admin.music.MusicActivityController', 'getListData', '2016-10-04 16:34:26', '8', null), ('37557', '1', 'http://localhost:8080/', '0:0:0:0:0:0:0:1', '/music', null, '', '0', 'cn.weixin.song.controller.admin.music.MusicController', 'index', '2016-10-04 20:17:10', '0', null), ('37558', '1', 'http://localhost:8080/music', '0:0:0:0:0:0:0:1', '/music/getListData', null, '', '0', 'cn.weixin.song.controller.admin.music.MusicController', 'getListData', '2016-10-04 20:17:11', '8', null), ('37559', '1', 'http://localhost:8080/', '0:0:0:0:0:0:0:1', '/mactivity', null, '', '0', 'cn.weixin.song.controller.admin.music.MusicActivityController', 'index', '2016-10-04 20:17:15', '4', null), ('37560', '1', 'http://localhost:8080/mactivity', '0:0:0:0:0:0:0:1', '/mactivity/getListData', null, '', '0', 'cn.weixin.song.controller.admin.music.MusicActivityController', 'getListData', '2016-10-04 20:17:16', '13', null), ('37561', '1', 'http://localhost:8080/mactivity', '0:0:0:0:0:0:0:1', '/mactivity/music_list', null, '', '0', 'cn.weixin.song.controller.admin.music.MusicActivityController', 'music_list', '2016-10-04 20:17:17', '3', null), ('37562', '1', 'http://localhost:8080/mactivity/music_list?aid=1', '0:0:0:0:0:0:0:1', '/mactivity/getListData', null, '', '0', 'cn.weixin.song.controller.admin.music.MusicActivityController', 'getListData', '2016-10-04 20:17:18', '5', null), ('37563', '1', 'http://localhost:8080/mactivity/music_list?aid=1', '0:0:0:0:0:0:0:1', '/mactivity/music_list', null, '', '0', 'cn.weixin.song.controller.admin.music.MusicActivityController', 'music_list', '2016-10-04 20:20:40', '7', null), ('37564', '1', 'http://localhost:8080/mactivity/music_list?aid=1', '0:0:0:0:0:0:0:1', '/mactivity/getMusicQuestionListData', null, '', '0', 'cn.weixin.song.controller.admin.music.MusicActivityController', 'getMusicQuestionListData', '2016-10-04 20:20:41', '47', null), ('37565', '1', 'http://localhost:8080/mactivity', '0:0:0:0:0:0:0:1', '/mactivity/getListData', null, '', '0', 'cn.weixin.song.controller.admin.music.MusicActivityController', 'getListData', '2016-10-04 20:21:29', '6', null), ('37566', '1', 'http://localhost:8080/mactivity', '0:0:0:0:0:0:0:1', '/mactivity/music_list', null, '', '0', 'cn.weixin.song.controller.admin.music.MusicActivityController', 'music_list', '2016-10-04 20:21:30', '1', null), ('37567', '1', 'http://localhost:8080/mactivity/music_list?aid=1', '0:0:0:0:0:0:0:1', '/mactivity/getMusicQuestionListData', null, '', '0', 'cn.weixin.song.controller.admin.music.MusicActivityController', 'getMusicQuestionListData', '2016-10-04 20:21:31', '9', null), ('37568', '1', 'http://localhost:8080/mactivity/music_list?aid=1', '0:0:0:0:0:0:0:1', '/mactivity/getMusicQuestionListData', null, '', '0', 'cn.weixin.song.controller.admin.music.MusicActivityController', 'getMusicQuestionListData', '2016-10-04 20:21:36', '8', null), ('37569', '1', 'http://localhost:8080/mactivity/music_list?aid=1', '0:0:0:0:0:0:0:1', '/mactivity/getMusicQuestionListData', null, '', '0', 'cn.weixin.song.controller.admin.music.MusicActivityController', 'getMusicQuestionListData', '2016-10-04 20:21:55', '6', null), ('37570', '1', 'http://localhost:8080/', '0:0:0:0:0:0:0:1', '/mactivity', null, '', '0', 'cn.weixin.song.controller.admin.music.MusicActivityController', 'index', '2016-10-04 20:22:09', '1', null), ('37571', '1', 'http://localhost:8080/mactivity', '0:0:0:0:0:0:0:1', '/mactivity/getListData', null, '', '0', 'cn.weixin.song.controller.admin.music.MusicActivityController', 'getListData', '2016-10-04 20:22:09', '6', null), ('37572', '1', 'http://localhost:8080/mactivity', '0:0:0:0:0:0:0:1', '/mactivity/music_list', null, '', '0', 'cn.weixin.song.controller.admin.music.MusicActivityController', 'music_list', '2016-10-04 20:22:10', '2', null), ('37573', '1', 'http://localhost:8080/mactivity/music_list?aid=1', '0:0:0:0:0:0:0:1', '/mactivity/getMusicQuestionListData', null, '', '0', 'cn.weixin.song.controller.admin.music.MusicActivityController', 'getMusicQuestionListData', '2016-10-04 20:22:11', '15', null), ('37574', '1', 'http://localhost:8080/', '0:0:0:0:0:0:0:1', '/mactivity', null, '', '0', 'cn.weixin.song.controller.admin.music.MusicActivityController', 'index', '2016-10-04 20:22:35', '3', null), ('37575', '1', 'http://localhost:8080/mactivity', '0:0:0:0:0:0:0:1', '/mactivity/getListData', null, '', '0', 'cn.weixin.song.controller.admin.music.MusicActivityController', 'getListData', '2016-10-04 20:22:35', '5', null), ('37576', '1', 'http://localhost:8080/mactivity', '0:0:0:0:0:0:0:1', '/mactivity/music_list', null, '', '0', 'cn.weixin.song.controller.admin.music.MusicActivityController', 'music_list', '2016-10-04 20:22:36', '2', null), ('37577', '1', 'http://localhost:8080/mactivity/music_list?aid=1', '0:0:0:0:0:0:0:1', '/mactivity/getMusicQuestionListData', null, '', '0', 'cn.weixin.song.controller.admin.music.MusicActivityController', 'getMusicQuestionListData', '2016-10-04 20:22:37', '12', null), ('37578', '1', 'http://localhost:8080/mactivity/music_list?aid=1', '0:0:0:0:0:0:0:1', '/mactivity/createOrRefreshMusicQuestions', null, '', '0', 'cn.weixin.song.controller.admin.music.MusicActivityController', 'createOrRefreshMusicQuestions', '2016-10-04 20:22:41', '42', null), ('37579', '1', 'http://localhost:8080/mactivity/music_list?aid=1', '0:0:0:0:0:0:0:1', '/mactivity/getMusicQuestionListData', null, '', '0', 'cn.weixin.song.controller.admin.music.MusicActivityController', 'getMusicQuestionListData', '2016-10-04 20:22:42', '8', null), ('37580', '1', 'http://localhost:8080/', '0:0:0:0:0:0:0:1', '/mactivity', null, '', '0', 'cn.weixin.song.controller.admin.music.MusicActivityController', 'index', '2016-10-04 20:23:12', '2', null), ('37581', '1', 'http://localhost:8080/mactivity', '0:0:0:0:0:0:0:1', '/mactivity/getListData', null, '', '0', 'cn.weixin.song.controller.admin.music.MusicActivityController', 'getListData', '2016-10-04 20:23:13', '6', null), ('37582', '1', 'http://localhost:8080/mactivity', '0:0:0:0:0:0:0:1', '/mactivity', null, '', '0', 'cn.weixin.song.controller.admin.music.MusicActivityController', 'index', '2016-10-04 20:24:26', '4', null), ('37583', '1', 'http://localhost:8080/mactivity/add?id=1', '0:0:0:0:0:0:0:1', '/mactivity/getListData', null, '', '0', 'cn.weixin.song.controller.admin.music.MusicActivityController', 'getListData', '2016-10-04 20:24:27', '6', null), ('37584', '1', 'http://localhost:8080/mactivity/add?id=1', '0:0:0:0:0:0:0:1', '/mactivity', null, '', '0', 'cn.weixin.song.controller.admin.music.MusicActivityController', 'index', '2016-10-04 20:24:30', '2', null), ('37585', '1', 'http://localhost:8080/mactivity/add?id=1', '0:0:0:0:0:0:0:1', '/mactivity/getListData', null, '', '0', 'cn.weixin.song.controller.admin.music.MusicActivityController', 'getListData', '2016-10-04 20:24:30', '6', null), ('37586', '1', 'http://localhost:8080/mactivity/add?id=1', '0:0:0:0:0:0:0:1', '/mactivity', null, '', '0', 'cn.weixin.song.controller.admin.music.MusicActivityController', 'index', '2016-10-04 20:24:31', '2', null), ('37587', '1', 'http://localhost:8080/mactivity/add?id=1', '0:0:0:0:0:0:0:1', '/mactivity/getListData', null, '', '0', 'cn.weixin.song.controller.admin.music.MusicActivityController', 'getListData', '2016-10-04 20:24:31', '6', null), ('37588', '1', 'http://localhost:8080/mactivity/add?id=1', '0:0:0:0:0:0:0:1', '/mactivity', null, '', '0', 'cn.weixin.song.controller.admin.music.MusicActivityController', 'index', '2016-10-04 20:24:32', '1', null), ('37589', '1', 'http://localhost:8080/mactivity/add?id=1', '0:0:0:0:0:0:0:1', '/mactivity/getListData', null, '', '0', 'cn.weixin.song.controller.admin.music.MusicActivityController', 'getListData', '2016-10-04 20:24:32', '5', null), ('37590', '1', 'http://localhost:8080/mactivity/add?id=1', '0:0:0:0:0:0:0:1', '/mactivity', null, '', '0', 'cn.weixin.song.controller.admin.music.MusicActivityController', 'index', '2016-10-04 20:24:33', '1', null), ('37591', '1', 'http://localhost:8080/mactivity/add?id=1', '0:0:0:0:0:0:0:1', '/mactivity/getListData', null, '', '0', 'cn.weixin.song.controller.admin.music.MusicActivityController', 'getListData', '2016-10-04 20:24:33', '5', null), ('37592', '1', 'http://localhost:8080/mactivity/add?id=1', '0:0:0:0:0:0:0:1', '/mactivity', null, '', '0', 'cn.weixin.song.controller.admin.music.MusicActivityController', 'index', '2016-10-04 20:24:34', '1', null), ('37593', '1', 'http://localhost:8080/mactivity/add?id=1', '0:0:0:0:0:0:0:1', '/mactivity/getListData', null, '', '0', 'cn.weixin.song.controller.admin.music.MusicActivityController', 'getListData', '2016-10-04 20:24:34', '8', null), ('37594', '1', 'http://localhost:8080/mactivity/add?id=1', '0:0:0:0:0:0:0:1', '/mactivity/music_list', null, '', '0', 'cn.weixin.song.controller.admin.music.MusicActivityController', 'music_list', '2016-10-04 20:24:35', '2', null), ('37595', '1', 'http://localhost:8080/mactivity/music_list?aid=1', '0:0:0:0:0:0:0:1', '/mactivity/getMusicQuestionListData', null, '', '0', 'cn.weixin.song.controller.admin.music.MusicActivityController', 'getMusicQuestionListData', '2016-10-04 20:24:35', '9', null), ('37596', '1', 'http://localhost:8080/mactivity/add?id=1', '0:0:0:0:0:0:0:1', '/mactivity/getListData', null, '', '0', 'cn.weixin.song.controller.admin.music.MusicActivityController', 'getListData', '2016-10-04 20:24:36', '6', null), ('37597', '1', 'http://localhost:8080/', '0:0:0:0:0:0:0:1', '/music', null, '', '0', 'cn.weixin.song.controller.admin.music.MusicController', 'index', '2016-10-04 20:24:49', '0', null), ('37598', '1', 'http://localhost:8080/music', '0:0:0:0:0:0:0:1', '/music/getListData', null, '', '0', 'cn.weixin.song.controller.admin.music.MusicController', 'getListData', '2016-10-04 20:24:49', '6', null), ('37599', '1', 'http://localhost:8080/music', '0:0:0:0:0:0:0:1', '/music/add', null, '', '0', 'cn.weixin.song.controller.admin.music.MusicController', 'add', '2016-10-04 20:24:51', '0', null), ('37600', '1', 'http://localhost:8080/music/add', '0:0:0:0:0:0:0:1', '/music', null, '', '0', 'cn.weixin.song.controller.admin.music.MusicController', 'index', '2016-10-04 20:24:51', '1', null), ('37601', '1', 'http://localhost:8080/music', '0:0:0:0:0:0:0:1', '/music/add', null, '', '0', 'cn.weixin.song.controller.admin.music.MusicController', 'add', '2016-10-04 20:24:55', '1', null), ('37602', '1', 'http://localhost:8080/music/add', '0:0:0:0:0:0:0:1', '/music', null, '', '0', 'cn.weixin.song.controller.admin.music.MusicController', 'index', '2016-10-04 20:24:56', '0', null), ('37603', '1', 'http://localhost:8080/music', '0:0:0:0:0:0:0:1', '/music/add', null, '', '0', 'cn.weixin.song.controller.admin.music.MusicController', 'add', '2016-10-04 20:25:04', '2', null), ('37604', '1', 'http://localhost:8080/music/add?id=1', '0:0:0:0:0:0:0:1', '/music', null, '', '0', 'cn.weixin.song.controller.admin.music.MusicController', 'index', '2016-10-04 20:25:04', '1', null), ('37605', '1', 'http://localhost:8080/music', '0:0:0:0:0:0:0:1', '/music/add', null, '', '0', 'cn.weixin.song.controller.admin.music.MusicController', 'add', '2016-10-04 20:29:24', '17', null), ('37606', '1', 'http://localhost:8080/music/add?id=1', '0:0:0:0:0:0:0:1', '/music', null, '', '0', 'cn.weixin.song.controller.admin.music.MusicController', 'index', '2016-10-04 20:29:25', '1', null), ('37607', '1', 'http://localhost:8080/', '0:0:0:0:0:0:0:1', '/music', null, '', '0', 'cn.weixin.song.controller.admin.music.MusicController', 'index', '2016-10-04 20:34:16', '2', null), ('37608', '1', 'http://localhost:8080/music', '0:0:0:0:0:0:0:1', '/music/getListData', null, '', '0', 'cn.weixin.song.controller.admin.music.MusicController', 'getListData', '2016-10-04 20:34:17', '24', null), ('37609', '1', 'http://localhost:8080/music', '0:0:0:0:0:0:0:1', '/music/add', null, '', '0', 'cn.weixin.song.controller.admin.music.MusicController', 'add', '2016-10-04 20:34:18', '3', null), ('37610', '1', 'http://localhost:8080/music/add?id=1', '0:0:0:0:0:0:0:1', '/music', null, '', '0', 'cn.weixin.song.controller.admin.music.MusicController', 'index', '2016-10-04 20:34:19', '0', null), ('37611', '1', 'http://localhost:8080/music/add?id=1', '0:0:0:0:0:0:0:1', '/music/uploadMusic', null, '', '0', 'cn.weixin.song.controller.admin.music.MusicController', 'uploadMusic', '2016-10-04 20:34:54', '121', null), ('37612', '1', 'http://localhost:8080/', '0:0:0:0:0:0:0:1', '/music', null, '', '0', 'cn.weixin.song.controller.admin.music.MusicController', 'index', '2016-10-04 20:36:49', '1', null), ('37613', '1', 'http://localhost:8080/music', '0:0:0:0:0:0:0:1', '/music/getListData', null, '', '0', 'cn.weixin.song.controller.admin.music.MusicController', 'getListData', '2016-10-04 20:36:50', '33', null), ('37614', '1', 'http://localhost:8080/music', '0:0:0:0:0:0:0:1', '/music/add', null, '', '0', 'cn.weixin.song.controller.admin.music.MusicController', 'add', '2016-10-04 20:36:52', '3', null), ('37615', '1', 'http://localhost:8080/music/add?id=1', '0:0:0:0:0:0:0:1', '/music', null, '', '0', 'cn.weixin.song.controller.admin.music.MusicController', 'index', '2016-10-04 20:36:53', '0', null), ('37616', '1', 'http://localhost:8080/music/add?id=1', '0:0:0:0:0:0:0:1', '/music/uploadMusic', null, '', '0', 'cn.weixin.song.controller.admin.music.MusicController', 'uploadMusic', '2016-10-04 20:36:57', '87', null), ('37617', '1', 'http://localhost:8080/music/add?id=1', '0:0:0:0:0:0:0:1', '/music/save', null, '', '0', 'cn.weixin.song.controller.admin.music.MusicController', 'save', '2016-10-04 20:38:16', '62', null), ('37618', '1', 'http://localhost:8080/music', '0:0:0:0:0:0:0:1', '/music/getListData', null, '', '0', 'cn.weixin.song.controller.admin.music.MusicController', 'getListData', '2016-10-04 20:38:16', '8', null), ('37619', '1', 'http://localhost:8080/music', '0:0:0:0:0:0:0:1', '/music/add', null, '', '0', 'cn.weixin.song.controller.admin.music.MusicController', 'add', '2016-10-04 20:38:38', '1', null), ('37620', '1', 'http://localhost:8080/music/add?id=1', '0:0:0:0:0:0:0:1', '/music', null, '', '0', 'cn.weixin.song.controller.admin.music.MusicController', 'index', '2016-10-04 20:38:38', '0', null), ('37621', '1', 'http://localhost:8080/music', '0:0:0:0:0:0:0:1', '/music/add', null, '', '0', 'cn.weixin.song.controller.admin.music.MusicController', 'add', '2016-10-04 20:39:01', '4', null), ('37622', '1', 'http://localhost:8080/music/add?id=1', '0:0:0:0:0:0:0:1', '/music', null, '', '0', 'cn.weixin.song.controller.admin.music.MusicController', 'index', '2016-10-04 20:39:01', '0', null), ('37623', '1', 'http://localhost:8080/music', '0:0:0:0:0:0:0:1', '/music/add', null, '', '0', 'cn.weixin.song.controller.admin.music.MusicController', 'add', '2016-10-04 20:39:52', '1', null), ('37624', '1', 'http://localhost:8080/music/add', '0:0:0:0:0:0:0:1', '/music', null, '', '0', 'cn.weixin.song.controller.admin.music.MusicController', 'index', '2016-10-04 20:39:52', '0', null), ('37625', '1', 'http://localhost:8080/music/add', '0:0:0:0:0:0:0:1', '/music/uploadMusic', null, '', '0', 'cn.weixin.song.controller.admin.music.MusicController', 'uploadMusic', '2016-10-04 20:40:13', '43', null), ('37626', '1', 'http://localhost:8080/', '0:0:0:0:0:0:0:1', '/mactivity', null, '', '0', 'cn.weixin.song.controller.admin.music.MusicActivityController', 'index', '2016-10-04 20:52:46', '58', null), ('37627', '1', 'http://localhost:8080/mactivity', '0:0:0:0:0:0:0:1', '/mactivity/getListData', null, '', '0', 'cn.weixin.song.controller.admin.music.MusicActivityController', 'getListData', '2016-10-04 20:52:47', '14', null), ('37628', '1', 'http://localhost:8080/mactivity', '0:0:0:0:0:0:0:1', '/mactivity/music_list', null, '', '0', 'cn.weixin.song.controller.admin.music.MusicActivityController', 'music_list', '2016-10-04 20:56:11', '13', null), ('37629', '1', 'http://localhost:8080/mactivity/music_list?aid=1', '0:0:0:0:0:0:0:1', '/mactivity/getMusicQuestionListData', null, '', '0', 'cn.weixin.song.controller.admin.music.MusicActivityController', 'getMusicQuestionListData', '2016-10-04 20:56:12', '37', null), ('37630', '1', 'http://localhost:8080/mactivity/music_list?aid=1', '0:0:0:0:0:0:0:1', '/mactivity/getMusicQuestionListData', null, '', '0', 'cn.weixin.song.controller.admin.music.MusicActivityController', 'getMusicQuestionListData', '2016-10-04 20:56:21', '6', null), ('37631', '1', 'http://localhost:8080/mactivity/music_list?aid=1', '0:0:0:0:0:0:0:1', '/mactivity/getMusicQuestionListData', null, '', '0', 'cn.weixin.song.controller.admin.music.MusicActivityController', 'getMusicQuestionListData', '2016-10-04 20:56:23', '10', null), ('37632', '1', 'http://localhost:8080/mactivity/music_list?aid=1', '0:0:0:0:0:0:0:1', '/mactivity/getMusicQuestionListData', null, '', '0', 'cn.weixin.song.controller.admin.music.MusicActivityController', 'getMusicQuestionListData', '2016-10-04 21:19:15', '138', null), ('37633', '1', 'http://localhost:8080/mactivity/music_list?aid=1', '0:0:0:0:0:0:0:1', '/mactivity/getMusicQuestionListData', null, '', '0', 'cn.weixin.song.controller.admin.music.MusicActivityController', 'getMusicQuestionListData', '2016-10-04 21:19:16', '11', null), ('37634', '1', 'http://localhost:8080/mactivity/music_list?aid=1', '0:0:0:0:0:0:0:1', '/mactivity/getMusicQuestionListData', null, '', '0', 'cn.weixin.song.controller.admin.music.MusicActivityController', 'getMusicQuestionListData', '2016-10-04 21:19:17', '23', null), ('37635', '1', 'http://localhost:8080/mactivity/music_list?aid=1', '0:0:0:0:0:0:0:1', '/mactivity/getMusicQuestionListData', null, '', '0', 'cn.weixin.song.controller.admin.music.MusicActivityController', 'getMusicQuestionListData', '2016-10-04 21:19:17', '10', null), ('37636', '1', 'http://localhost:8080/mactivity/music_list?aid=1', '0:0:0:0:0:0:0:1', '/mactivity/getMusicQuestionListData', null, '', '0', 'cn.weixin.song.controller.admin.music.MusicActivityController', 'getMusicQuestionListData', '2016-10-04 21:19:18', '10', null), ('37637', '1', 'http://localhost:8080/mactivity/music_list?aid=1', '0:0:0:0:0:0:0:1', '/mactivity/getMusicQuestionListData', null, '', '0', 'cn.weixin.song.controller.admin.music.MusicActivityController', 'getMusicQuestionListData', '2016-10-04 21:19:18', '10', null), ('37638', '1', 'http://localhost:8080/mactivity/music_list?aid=1', '0:0:0:0:0:0:0:1', '/mactivity/getMusicQuestionListData', null, '', '0', 'cn.weixin.song.controller.admin.music.MusicActivityController', 'getMusicQuestionListData', '2016-10-04 21:19:18', '5', null), ('37639', '1', 'http://localhost:8080/mactivity/music_list?aid=1', '0:0:0:0:0:0:0:1', '/mactivity/getMusicQuestionListData', null, '', '0', 'cn.weixin.song.controller.admin.music.MusicActivityController', 'getMusicQuestionListData', '2016-10-04 21:19:19', '13', null), ('37640', '1', 'http://localhost:8080/mactivity/music_list?aid=1', '0:0:0:0:0:0:0:1', '/mactivity/getMusicQuestionListData', null, '', '0', 'cn.weixin.song.controller.admin.music.MusicActivityController', 'getMusicQuestionListData', '2016-10-04 21:19:19', '11', null), ('37641', '1', 'http://localhost:8080/mactivity/music_list?aid=1', '0:0:0:0:0:0:0:1', '/mactivity/getMusicQuestionListData', null, '', '0', 'cn.weixin.song.controller.admin.music.MusicActivityController', 'getMusicQuestionListData', '2016-10-04 21:19:19', '7', null), ('37642', '1', 'http://localhost:8080/mactivity/music_list?aid=1', '0:0:0:0:0:0:0:1', '/mactivity/getMusicQuestionListData', null, '', '0', 'cn.weixin.song.controller.admin.music.MusicActivityController', 'getMusicQuestionListData', '2016-10-04 21:19:19', '7', null), ('37643', '1', 'http://localhost:8080/mactivity/music_list?aid=1', '0:0:0:0:0:0:0:1', '/mactivity/getMusicQuestionListData', null, '', '0', 'cn.weixin.song.controller.admin.music.MusicActivityController', 'getMusicQuestionListData', '2016-10-04 21:19:19', '9', null), ('37644', '1', 'http://localhost:8080/mactivity/music_list?aid=1', '0:0:0:0:0:0:0:1', '/mactivity/getMusicQuestionListData', null, '', '0', 'cn.weixin.song.controller.admin.music.MusicActivityController', 'getMusicQuestionListData', '2016-10-04 21:19:20', '12', null), ('37645', '1', 'http://localhost:8080/mactivity/music_list?aid=1', '0:0:0:0:0:0:0:1', '/mactivity/getMusicQuestionListData', null, '', '0', 'cn.weixin.song.controller.admin.music.MusicActivityController', 'getMusicQuestionListData', '2016-10-04 21:19:20', '9', null), ('37646', '1', 'http://localhost:8080/', '0:0:0:0:0:0:0:1', '/mactivity', null, '', '0', 'cn.weixin.song.controller.admin.music.MusicActivityController', 'index', '2016-10-04 21:19:26', '2', null), ('37647', '1', 'http://localhost:8080/mactivity', '0:0:0:0:0:0:0:1', '/mactivity/getListData', null, '', '0', 'cn.weixin.song.controller.admin.music.MusicActivityController', 'getListData', '2016-10-04 21:19:27', '10', null), ('37648', '1', 'http://localhost:8080/mactivity', '0:0:0:0:0:0:0:1', '/mactivity/music_list', null, '', '0', 'cn.weixin.song.controller.admin.music.MusicActivityController', 'music_list', '2016-10-04 21:19:28', '1', null), ('37649', '1', 'http://localhost:8080/mactivity/music_list?aid=1', '0:0:0:0:0:0:0:1', '/mactivity/getMusicQuestionListData', null, '', '0', 'cn.weixin.song.controller.admin.music.MusicActivityController', 'getMusicQuestionListData', '2016-10-04 21:19:29', '11', null), ('37650', '1', 'http://localhost:8080/mactivity/music_list?aid=1', '0:0:0:0:0:0:0:1', '/mactivity/getMusicQuestionListData', null, '', '0', 'cn.weixin.song.controller.admin.music.MusicActivityController', 'getMusicQuestionListData', '2016-10-04 21:19:30', '9', null), ('37651', '1', 'http://localhost:8080/mactivity/music_list?aid=1', '0:0:0:0:0:0:0:1', '/mactivity/getMusicQuestionListData', null, '', '0', 'cn.weixin.song.controller.admin.music.MusicActivityController', 'getMusicQuestionListData', '2016-10-04 21:19:30', '8', null), ('37652', '1', 'http://localhost:8080/mactivity/music_list?aid=1', '0:0:0:0:0:0:0:1', '/mactivity/getMusicQuestionListData', null, '', '0', 'cn.weixin.song.controller.admin.music.MusicActivityController', 'getMusicQuestionListData', '2016-10-04 21:19:31', '9', null), ('37653', '1', 'http://localhost:8080/mactivity/music_list?aid=1', '0:0:0:0:0:0:0:1', '/mactivity/getMusicQuestionListData', null, '', '0', 'cn.weixin.song.controller.admin.music.MusicActivityController', 'getMusicQuestionListData', '2016-10-04 21:19:31', '9', null), ('37654', '1', 'http://localhost:8080/mactivity/music_list?aid=1', '0:0:0:0:0:0:0:1', '/mactivity/getMusicQuestionListData', null, '', '0', 'cn.weixin.song.controller.admin.music.MusicActivityController', 'getMusicQuestionListData', '2016-10-04 21:19:32', '9', null), ('37655', '1', 'http://localhost:8080/mactivity/music_list?aid=1', '0:0:0:0:0:0:0:1', '/mactivity/getMusicQuestionListData', null, '', '0', 'cn.weixin.song.controller.admin.music.MusicActivityController', 'getMusicQuestionListData', '2016-10-04 21:19:32', '5', null), ('37656', '1', 'http://localhost:8080/mactivity/music_list?aid=1', '0:0:0:0:0:0:0:1', '/mactivity/getMusicQuestionListData', null, '', '0', 'cn.weixin.song.controller.admin.music.MusicActivityController', 'getMusicQuestionListData', '2016-10-04 21:19:33', '8', null), ('37657', '1', 'http://localhost:8080/mactivity/music_list?aid=1', '0:0:0:0:0:0:0:1', '/mactivity/getMusicQuestionListData', null, '', '0', 'cn.weixin.song.controller.admin.music.MusicActivityController', 'getMusicQuestionListData', '2016-10-04 21:19:34', '11', null), ('37658', '1', 'http://localhost:8080/mactivity/music_list?aid=1', '0:0:0:0:0:0:0:1', '/mactivity/getMusicQuestionListData', null, '', '0', 'cn.weixin.song.controller.admin.music.MusicActivityController', 'getMusicQuestionListData', '2016-10-04 21:19:34', '8', null), ('37659', '1', 'http://localhost:8080/mactivity/music_list?aid=1', '0:0:0:0:0:0:0:1', '/mactivity/getMusicQuestionListData', null, '', '0', 'cn.weixin.song.controller.admin.music.MusicActivityController', 'getMusicQuestionListData', '2016-10-04 21:19:34', '6', null), ('37660', '1', 'http://localhost:8080/mactivity/music_list?aid=1', '0:0:0:0:0:0:0:1', '/mactivity/getMusicQuestionListData', null, '', '0', 'cn.weixin.song.controller.admin.music.MusicActivityController', 'getMusicQuestionListData', '2016-10-04 21:19:36', '6', null), ('37661', '1', 'http://localhost:8080/', '0:0:0:0:0:0:0:1', '/music', null, '', '0', 'cn.weixin.song.controller.admin.music.MusicController', 'index', '2016-10-04 21:21:01', '3', null), ('37662', '1', 'http://localhost:8080/music', '0:0:0:0:0:0:0:1', '/music/getListData', null, '', '0', 'cn.weixin.song.controller.admin.music.MusicController', 'getListData', '2016-10-04 21:21:02', '29', null);
COMMIT;

-- ----------------------------
--  Table structure for `sys_login_record`
-- ----------------------------
DROP TABLE IF EXISTS `sys_login_record`;
CREATE TABLE `sys_login_record` (
  `id` int(11) NOT NULL AUTO_INCREMENT,
  `sys_uid` int(11) NOT NULL,
  `login_date` datetime NOT NULL COMMENT '登陆时间',
  `login_err_times` int(11) NOT NULL COMMENT '1天内连续出错次数',
  `login_status` tinyint(4) NOT NULL COMMENT '1-成功  0-失败',
  PRIMARY KEY (`id`)
) ENGINE=InnoDB AUTO_INCREMENT=23 DEFAULT CHARSET=utf8 ROW_FORMAT=COMPACT COMMENT='后台系统登陆记录';

-- ----------------------------
--  Records of `sys_login_record`
-- ----------------------------
BEGIN;
INSERT INTO `sys_login_record` VALUES ('16', '1', '2016-09-10 11:37:01', '0', '1'), ('17', '1', '2016-09-10 23:20:28', '0', '1'), ('18', '1', '2016-10-03 08:42:56', '0', '1'), ('19', '1', '2016-10-03 08:45:48', '0', '1'), ('20', '1', '2016-10-04 15:59:14', '0', '1'), ('21', '1', '2016-10-04 16:00:34', '0', '1'), ('22', '1', '2016-10-04 16:01:28', '0', '1');
COMMIT;

-- ----------------------------
--  Table structure for `sys_res`
-- ----------------------------
DROP TABLE IF EXISTS `sys_res`;
CREATE TABLE `sys_res` (
  `id` int(11) NOT NULL AUTO_INCREMENT,
  `pid` int(11) DEFAULT NULL,
  `name` varchar(111) DEFAULT NULL,
  `des` varchar(255) DEFAULT NULL,
  `url` varchar(255) DEFAULT NULL,
  `iconCls` varchar(255) DEFAULT 'am-icon-file',
  `seq` int(11) DEFAULT '1',
  `type` int(1) DEFAULT '2' COMMENT '1 功能 2 权限',
  `modifydate` timestamp NULL DEFAULT NULL,
  `enabled` int(1) DEFAULT '1' COMMENT '是否启用 1：启用  0：禁用',
  `level` int(11) DEFAULT '0',
  PRIMARY KEY (`id`)
) ENGINE=InnoDB AUTO_INCREMENT=198 DEFAULT CHARSET=utf8 ROW_FORMAT=COMPACT;

-- ----------------------------
--  Records of `sys_res`
-- ----------------------------
BEGIN;
INSERT INTO `sys_res` VALUES ('1', null, '系统管理', '系统管理', '', 'fa-cogs', '10', '1', null, '1', '0'), ('2', '1', '资源管理', null, '/sys/res', 'fa-list', '1', '1', null, '1', '1'), ('3', '1', '角色管理', null, '/sys/role', 'fa-list', '10', '1', null, '1', '1'), ('4', '1', '用户管理', null, '/sys/user', 'fa-list', '11', '1', null, '1', '1'), ('9', '4', '用户删除', null, '/sys/user/delete', 'fa-list', '1', '2', null, '1', '2'), ('12', '4', '搜索用户', null, '/sys/user/serach', 'fa-list', '1', '2', null, '1', '2'), ('18', '2', '资源删除', null, '/sys/res/delete', 'fa-list', '11', '2', null, '1', '0'), ('19', '2', '资源保存', null, '/sys/res/save', 'fa-list', '11', '2', null, '1', '0'), ('28', '3', '角色删除', null, '/sys/role/delete', 'fa-list', '11', '2', null, '1', '0'), ('29', '3', '角色保存', null, '/sys/role/save', 'fa-list', '11', '2', null, '1', '0'), ('63', '4', '冻结用户', null, '/sys/user/freeze', 'fa-list', '11', '2', null, '1', '0'), ('146', '4', '用户列表', null, '/sys/user/list', 'fa-list', '8', '2', null, '1', '0'), ('147', '4', '用户保存', null, '/sys/user/save', 'fa-list', '10', '2', null, '1', '0'), ('150', '1', '操作日志', null, '/sys/log', 'fa-list', '11', '1', null, '1', '0'), ('152', null, '控制台', '1234', '/', 'fa-desktop', '1', '1', '2015-02-10 16:09:40', '1', '0'), ('181', '1', '数据字典', null, '/dict', 'fa-list', '12', '1', null, '1', '0'), ('182', '181', '数据字典列表', null, '/dict/list', 'fa-list', '1', '2', null, '1', '0'), ('192', null, 'APP管理', null, '', 'fa-android', '9', '1', null, '0', '0'), ('193', '192', 'App版本管理', null, '/app', '', '1', '1', null, '1', '0'), ('194', null, '营销活动', null, '', 'fa-list', '2', '1', null, '1', '0'), ('195', '194', '大转盘', null, '/activity/luck', '', '1', '1', null, '1', '0'), ('196', '194', '猜歌闯关', null, 'mactivity', '', '2', '1', null, '1', '0'), ('197', '194', '音乐库管理', null, '/music', '', '3', '1', null, '1', '0');
COMMIT;

-- ----------------------------
--  Table structure for `sys_role`
-- ----------------------------
DROP TABLE IF EXISTS `sys_role`;
CREATE TABLE `sys_role` (
  `id` int(11) NOT NULL AUTO_INCREMENT,
  `name` varchar(55) NOT NULL DEFAULT '',
  `des` varchar(55) DEFAULT NULL,
  `seq` int(11) DEFAULT '1',
  `createdate` datetime DEFAULT NULL,
  `status` int(11) DEFAULT '1' COMMENT '0-禁用  1-启用',
  PRIMARY KEY (`id`)
) ENGINE=InnoDB AUTO_INCREMENT=61 DEFAULT CHARSET=utf8 ROW_FORMAT=COMPACT;

-- ----------------------------
--  Records of `sys_role`
-- ----------------------------
BEGIN;
INSERT INTO `sys_role` VALUES ('1', 'admin', '超级管理员', '1', '2015-05-05 14:24:26', '1'), ('56', '内容编辑', '内容编辑4', '1', null, '1'), ('57', '客服人员', '客服人员', '1', null, '1'), ('60', 'dd', 'ss ', '1', null, '1');
COMMIT;

-- ----------------------------
--  Table structure for `sys_role_res`
-- ----------------------------
DROP TABLE IF EXISTS `sys_role_res`;
CREATE TABLE `sys_role_res` (
  `id` int(11) NOT NULL AUTO_INCREMENT,
  `res_id` int(11) DEFAULT NULL,
  `role_id` int(11) DEFAULT NULL,
  PRIMARY KEY (`id`),
  KEY `FK_sys_ROLE_RES_RES_ID` (`res_id`),
  KEY `FK_sys_ROLE_RES_ROLE_ID` (`role_id`),
  CONSTRAINT `sys_role_res_ibfk_1` FOREIGN KEY (`res_id`) REFERENCES `sys_res` (`id`) ON DELETE CASCADE ON UPDATE CASCADE,
  CONSTRAINT `sys_role_res_ibfk_2` FOREIGN KEY (`role_id`) REFERENCES `sys_role` (`id`) ON DELETE CASCADE ON UPDATE CASCADE
) ENGINE=InnoDB AUTO_INCREMENT=4168 DEFAULT CHARSET=utf8 ROW_FORMAT=COMPACT;

-- ----------------------------
--  Records of `sys_role_res`
-- ----------------------------
BEGIN;
INSERT INTO `sys_role_res` VALUES ('4141', '1', '1'), ('4142', '2', '1'), ('4143', '18', '1'), ('4144', '19', '1'), ('4145', '3', '1'), ('4146', '28', '1'), ('4147', '29', '1'), ('4148', '4', '1'), ('4149', '9', '1'), ('4150', '12', '1'), ('4151', '63', '1'), ('4152', '146', '1'), ('4153', '147', '1'), ('4154', '150', '1'), ('4155', '181', '1'), ('4156', '182', '1'), ('4157', '152', '1'), ('4162', '192', '1'), ('4163', '193', '1'), ('4164', '194', '1'), ('4165', '195', '1'), ('4166', '196', '1'), ('4167', '197', '1');
COMMIT;

-- ----------------------------
--  Table structure for `sys_user`
-- ----------------------------
DROP TABLE IF EXISTS `sys_user`;
CREATE TABLE `sys_user` (
  `id` int(11) NOT NULL AUTO_INCREMENT,
  `name` varchar(55) DEFAULT NULL,
  `pwd` varchar(255) DEFAULT NULL,
  `des` varchar(55) DEFAULT NULL,
  `status` int(1) DEFAULT '1' COMMENT '#1 不在线 2.封号状态 ',
  `icon` varchar(255) DEFAULT '/images/guest.jpg',
  `email` varchar(50) DEFAULT NULL,
  `createdate` datetime DEFAULT NULL,
  `phone` varchar(15) DEFAULT NULL,
  `token` varchar(64) DEFAULT NULL COMMENT 'cookieid',
  PRIMARY KEY (`id`),
  UNIQUE KEY `name_index` (`name`),
  UNIQUE KEY `token_index` (`token`)
) ENGINE=InnoDB AUTO_INCREMENT=35 DEFAULT CHARSET=utf8 ROW_FORMAT=COMPACT;

-- ----------------------------
--  Records of `sys_user`
-- ----------------------------
BEGIN;
INSERT INTO `sys_user` VALUES ('1', 'admin', '6fc3b9ada8c1e50b400cd6998ff7be76ea3ae312', '1289', '1', '/sys/static/i/9.jpg', 'admin@admin.com', '2015-07-15 18:00:27', '1234567', 'UzNk7MKbVABao0I275SAs9ShzyYtLQooG42fkoDcL9QtkuFP1Xm7QOtIMrbvxbLc'), ('32', 'eason', '5d46f91596dc2f24c1535148f778af0a25612289', 'sfsf', '1', '/images/guest.jpg', '569165857@qq.com', '2016-06-12 23:54:24', '13332892938', null), ('34', 'test', '6fc3b9ada8c1e50b400cd6998ff7be76ea3ae312', 'dfsdfsdfddf ', '1', '/images/guest.jpg', '569165857@qq.com', '2016-07-02 22:24:50', '13332892938', 'hDEflmnlVituFC6hbfTzeze8RVSRseIfdgBAGkAU2RRh4c4kIrIYXTTuwEG2Caem');
COMMIT;

-- ----------------------------
--  Table structure for `sys_user_role`
-- ----------------------------
DROP TABLE IF EXISTS `sys_user_role`;
CREATE TABLE `sys_user_role` (
  `id` int(11) NOT NULL AUTO_INCREMENT,
  `user_id` int(11) DEFAULT NULL,
  `role_id` int(11) DEFAULT NULL,
  PRIMARY KEY (`id`),
  KEY `FK_SYSTME_USER_ROLE_USER_ID` (`user_id`),
  KEY `FK_SYSTME_USER_ROLE_ROLE_ID` (`role_id`),
  CONSTRAINT `sys_user_role_ibfk_1` FOREIGN KEY (`role_id`) REFERENCES `sys_role` (`id`) ON DELETE CASCADE ON UPDATE CASCADE,
  CONSTRAINT `sys_user_role_ibfk_2` FOREIGN KEY (`user_id`) REFERENCES `sys_user` (`id`) ON DELETE CASCADE ON UPDATE CASCADE
) ENGINE=InnoDB AUTO_INCREMENT=337 DEFAULT CHARSET=utf8 ROW_FORMAT=COMPACT;

-- ----------------------------
--  Records of `sys_user_role`
-- ----------------------------
BEGIN;
INSERT INTO `sys_user_role` VALUES ('315', '1', '1'), ('333', '32', '1'), ('334', '32', '56'), ('335', '32', '57'), ('336', '32', '60');
COMMIT;

-- ----------------------------
--  Table structure for `user`
-- ----------------------------
DROP TABLE IF EXISTS `user`;
CREATE TABLE `user` (
  `openid` varchar(30) CHARACTER SET utf8 NOT NULL,
  `create_time` datetime NOT NULL,
  `modified_time` datetime DEFAULT NULL,
  `address` varchar(150) CHARACTER SET utf8 DEFAULT NULL,
  `city` varchar(20) CHARACTER SET utf8 DEFAULT NULL,
  `country` varchar(20) CHARACTER SET utf8 DEFAULT NULL,
  `headimgurl` varchar(200) CHARACTER SET utf8 DEFAULT NULL,
  `headlocalurl` varchar(200) CHARACTER SET utf8 DEFAULT NULL,
  `language` varchar(15) CHARACTER SET utf8 DEFAULT NULL,
  `mobilephone` varchar(18) CHARACTER SET utf8 DEFAULT NULL,
  `nickname` varchar(60) CHARACTER SET utf8mb4 COLLATE utf8mb4_unicode_ci DEFAULT NULL,
  `province` varchar(20) CHARACTER SET utf8 DEFAULT NULL,
  `realname` varchar(20) CHARACTER SET utf8 DEFAULT NULL,
  `sex` int(11) DEFAULT NULL,
  `status` int(11) DEFAULT NULL,
  `subscribe_time` int(11) DEFAULT NULL,
  `id` int(11) NOT NULL AUTO_INCREMENT,
  `subscribe` tinyint(1) DEFAULT NULL,
  `gold_coin` int(11) DEFAULT '0' COMMENT '剩余金币',
  `inviter_uid` int(11) DEFAULT NULL COMMENT '邀请者',
  `invite_code` varchar(32) DEFAULT NULL COMMENT '邀请码',
  `app_id` int(11) NOT NULL COMMENT '所属应用',
  PRIMARY KEY (`id`),
  KEY `openid_index` (`openid`),
  KEY `invite_code_index` (`invite_code`)
) ENGINE=InnoDB AUTO_INCREMENT=56 DEFAULT CHARSET=utf8mb4 ROW_FORMAT=COMPACT;

-- ----------------------------
--  Records of `user`
-- ----------------------------
BEGIN;
INSERT INTO `user` VALUES ('on9Wyt_X5BMMuJOE9-Rl1FbxGw7Y', '2016-10-02 07:44:13', '2016-10-02 11:53:10', null, '广州', null, 'http://wx.qlogo.cn/mmopen/Q3auHgzwzM4OqweZLqV1zdU3yFZIwVfguib2WeDxrydaNWYKRxpHqB5Z3mqkUDfQxKpalcKwUuVHysfb0MHAcAFELy5L7IQqBeebJPGQp05U/0', null, 'zh_CN', '13332565253', '指尖上的音符', '广东', '指尖上的爱', '1', null, null, '54', '1', '10', null, '7853372', '1'), ('on9WytypBPS5SAeT4MVzdzgyrw3o', '2016-10-04 15:27:20', null, null, '广州', null, 'http://wx.qlogo.cn/mmopen/5nVLlsrCnQPXBz0gBqZU8KZJJxmTsznuB6RbbGe2ecVY6tvibAr25bMIbQNuibL2RURPK809KQYb4bQMk0d6jibMg/0', null, 'zh_CN', null, 'LsL', '广东', 'LSL', '2', null, null, '55', '1', '5', null, '1653644', '1');
COMMIT;

-- ----------------------------
--  Table structure for `user_model_play`
-- ----------------------------
DROP TABLE IF EXISTS `user_model_play`;
CREATE TABLE `user_model_play` (
  `uid` int(11) NOT NULL,
  `model_type` int(11) NOT NULL COMMENT '当前在哪个模块\n0-最上层\n1-猜歌',
  `last_play_time` datetime NOT NULL COMMENT '最后玩的时间\n60分钟过期',
  PRIMARY KEY (`uid`)
) ENGINE=InnoDB DEFAULT CHARSET=utf8 ROW_FORMAT=COMPACT;

-- ----------------------------
--  Records of `user_model_play`
-- ----------------------------
BEGIN;
INSERT INTO `user_model_play` VALUES ('54', '1', '2016-10-04 12:22:11'), ('55', '1', '2016-10-04 16:05:59');
COMMIT;

-- ----------------------------
--  Table structure for `weixin_welcome`
-- ----------------------------
DROP TABLE IF EXISTS `weixin_welcome`;
CREATE TABLE `weixin_welcome` (
  `id` int(11) NOT NULL AUTO_INCREMENT,
  `contents` varchar(200) NOT NULL,
  `model_type` int(11) DEFAULT NULL,
  PRIMARY KEY (`id`)
) ENGINE=InnoDB AUTO_INCREMENT=3 DEFAULT CHARSET=utf8 ROW_FORMAT=COMPACT;

-- ----------------------------
--  Records of `weixin_welcome`
-- ----------------------------
BEGIN;
INSERT INTO `weixin_welcome` VALUES ('1', '欢迎关注小猜,回复[]里的编号进入相应模块：\n[1]欢乐猜歌闯关赢话费', '0'), ('2', '欢迎进入欢乐猜歌闯关活动,游戏总共12个关卡,答对加分,答错不扣分。回复[]里的编号:\n[G]开始闯关\n[R]重置游戏\n[L]查看最新前10排名\n[A]查看活动说明\n[Y]邀请赚金币\n[9]查看个人信息\n[0]返回主菜单\n注：闯关完成后需要发送“姓名#手机号”才可以参与排名，排名不会显示您的完整信息，只显示如:某** 133****2321', '1');
COMMIT;

SET FOREIGN_KEY_CHECKS = 1;
